filename,xmin,ymin,xmax,ymax,has_liquid,liquid_level,liquid_class,pose,liquid_type,source,liquid_area_ratio,box_source,num_glass_annotations,num_liquid_annotations
IMG_20250401_150634_jpg.rf.4wrRW10iXbIt6JRqz2Tr.jpg,651,544,1126,1124,1,medium,2,unknown,water,coco:IMG_20250401_150634_jpg.rf.4wrRW10iXbIt6JRqz2Tr.jpg,0.353049,coco_glass,1,1
IMG_20250401_152607_jpg.rf.3ldykeU9Lqj3xfU8yJOG.jpg,435,468,948,1099,1,small,1,unknown,water,coco:IMG_20250401_152607_jpg.rf.3ldykeU9Lqj3xfU8yJOG.jpg,0.230529,coco_glass,1,1
IMG_20250401_152439_jpg.rf.58oC5GMn6ty993kDsX5Q.jpg,327,148,1044,1151,1,medium,2,unknown,water,coco:IMG_20250401_152439_jpg.rf.58oC5GMn6ty993kDsX5Q.jpg,0.261265,coco_glass,1,1
IMG_20250401_150253_jpg.rf.5FfoJTiL70u7iIxu2zQa.jpg,330,306,911,1156,1,small,1,unknown,water,coco:IMG_20250401_150253_jpg.rf.5FfoJTiL70u7iIxu2zQa.jpg,0.209392,coco_glass,1,1
IMG_20250401_155417_jpg.rf.3vxnaoi9SyRaKgxcUVIb.jpg,450,455,1066,1354,1,medium,2,unknown,water,coco:IMG_20250401_155417_jpg.rf.3vxnaoi9SyRaKgxcUVIb.jpg,0.332307,coco_glass,1,1
IMG_20250401_150540_jpg.rf.GEaZ6AbLBvw2rIeZ4ZmY.jpg,326,663,838,1295,0,none,0,unknown,none,coco:IMG_20250401_150540_jpg.rf.GEaZ6AbLBvw2rIeZ4ZmY.jpg,0.000000,coco_glass,1,0
IMG_20250401_163702_jpg.rf.5c21qgOJ3TWgStXNZGqL.jpg,375,230,970,1126,1,medium,2,unknown,water,coco:IMG_20250401_163702_jpg.rf.5c21qgOJ3TWgStXNZGqL.jpg,0.310683,coco_glass,1,1
IMG_20250401_163852_jpg.rf.3th8FJU0rkZw5tUScf7z.jpg,451,434,998,1101,1,medium,2,unknown,water,coco:IMG_20250401_163852_jpg.rf.3th8FJU0rkZw5tUScf7z.jpg,0.317159,coco_glass,1,1
IMG_20250401_152028_jpg.rf.GhPgnfiXrtW40FuH2PLz.jpg,395,422,1042,1307,0,none,0,unknown,none,coco:IMG_20250401_152028_jpg.rf.GhPgnfiXrtW40FuH2PLz.jpg,0.000000,coco_glass,1,0
IMG_20250401_160559_jpg.rf.3shLUPwwHhHiKHfp8Ud7.jpg,401,289,971,1166,0,none,0,unknown,none,coco:IMG_20250401_160559_jpg.rf.3shLUPwwHhHiKHfp8Ud7.jpg,0.000000,coco_glass,1,0
IMG_20250401_150136_jpg.rf.GDCkea4FsXyOUkDsILYm.jpg,674,502,1269,1212,1,medium,2,unknown,water,coco:IMG_20250401_150136_jpg.rf.GDCkea4FsXyOUkDsILYm.jpg,0.524183,coco_glass,1,1
IMG_20250401_145644_jpg.rf.GoDClYL53TnuHUCscF24.jpg,536,419,1039,1155,1,small,1,unknown,water,coco:IMG_20250401_145644_jpg.rf.GoDClYL53TnuHUCscF24.jpg,0.168734,coco_glass,1,1
IMG_20250401_155708_jpg.rf.WrMZP8xCALSfFcS5JH0B.jpg,354,322,1038,1122,1,medium,2,unknown,water,coco:IMG_20250401_155708_jpg.rf.WrMZP8xCALSfFcS5JH0B.jpg,0.361466,coco_glass,1,1
IMG_20250401_151749_jpg.rf.WfP3tmGhwHFFHEzGJYvI.jpg,367,453,931,1134,1,medium,2,unknown,water,coco:IMG_20250401_151749_jpg.rf.WfP3tmGhwHFFHEzGJYvI.jpg,0.266052,coco_glass,1,1
IMG_20250401_150802_jpg.rf.GFjZtmly60zNQoV6Kb4k.jpg,370,388,1189,1325,1,medium,2,unknown,water,coco:IMG_20250401_150802_jpg.rf.GFjZtmly60zNQoV6Kb4k.jpg,0.400819,coco_glass,1,1
IMG_20250401_150950_jpg.rf.X6XLilFMkk6zuap0bOl1.jpg,539,504,1136,1356,0,none,0,unknown,none,coco:IMG_20250401_150950_jpg.rf.X6XLilFMkk6zuap0bOl1.jpg,0.000000,coco_glass,1,0
IMG_20250401_150033_jpg.rf.GoF3iYVTyFB5DvEa0jcF.jpg,433,462,974,1119,1,small,1,unknown,water,coco:IMG_20250401_150033_jpg.rf.GoF3iYVTyFB5DvEa0jcF.jpg,0.214550,coco_glass,1,1
IMG_20250401_152202_jpg.rf.5TtUG8ySBn3E5melr8Dn.jpg,302,389,840,1175,1,small,1,unknown,water,coco:IMG_20250401_152202_jpg.rf.5TtUG8ySBn3E5melr8Dn.jpg,0.237299,coco_glass,1,1
IMG_20250401_163632_jpg.rf.GjWNTIJRF7MInbxAQIUu.jpg,424,426,892,1147,0,none,0,unknown,none,coco:IMG_20250401_163632_jpg.rf.GjWNTIJRF7MInbxAQIUu.jpg,0.000000,coco_glass,1,0
IMG_20250401_155744_jpg.rf.5zvdSDHgIzVsxtlYa5q5.jpg,495,415,1104,1149,1,medium,2,unknown,water,coco:IMG_20250401_155744_jpg.rf.5zvdSDHgIzVsxtlYa5q5.jpg,0.480866,coco_glass,1,1
IMG_20250401_145748_jpg.rf.XBdNxyO2HqJ6IVYf5zwq.jpg,430,294,1025,1134,1,medium,2,unknown,water,coco:IMG_20250401_145748_jpg.rf.XBdNxyO2HqJ6IVYf5zwq.jpg,0.314838,coco_glass,1,1
IMG_20250401_160539_jpg.rf.KgQEhwW597YPiyI1ojLZ.jpg,348,463,798,1137,1,medium,2,unknown,water,coco:IMG_20250401_160539_jpg.rf.KgQEhwW597YPiyI1ojLZ.jpg,0.549171,coco_glass,1,1
IMG_20250401_150221_jpg.rf.LIfU6bbtJHZSeYpGnPup.jpg,727,494,1279,1278,1,small,1,unknown,water,coco:IMG_20250401_150221_jpg.rf.LIfU6bbtJHZSeYpGnPup.jpg,0.149276,coco_glass,1,1
IMG_20250401_151134_jpg.rf.ZFxlkJWajuXta9x2Z9VF.jpg,406,429,1015,1295,0,none,0,unknown,none,coco:IMG_20250401_151134_jpg.rf.ZFxlkJWajuXta9x2Z9VF.jpg,0.000000,coco_glass,1,0
IMG_20250401_152506_jpg.rf.L4rczmb6hoRre7vVA4Ry.jpg,303,338,887,1191,1,medium,2,unknown,water,coco:IMG_20250401_152506_jpg.rf.L4rczmb6hoRre7vVA4Ry.jpg,0.432726,coco_glass,1,1
IMG_20250401_152502_jpg.rf.Z5K1VRZ0ZpPvhtpPNC1h.jpg,381,335,1096,1348,1,medium,2,unknown,water,coco:IMG_20250401_152502_jpg.rf.Z5K1VRZ0ZpPvhtpPNC1h.jpg,0.476581,coco_glass,1,1
IMG_20250401_151823_jpg.rf.KgjGBqV1FWMLogTsjH7b.jpg,568,485,1122,1158,1,medium,2,unknown,water,coco:IMG_20250401_151823_jpg.rf.KgjGBqV1FWMLogTsjH7b.jpg,0.450305,coco_glass,1,1
IMG_20250401_163315_jpg.rf.TvQw7QeP2ljSYVRKFdCI.jpg,384,576,806,1101,1,medium,2,unknown,water,coco:IMG_20250401_163315_jpg.rf.TvQw7QeP2ljSYVRKFdCI.jpg,0.516909,coco_glass,1,1
IMG_20250401_163538_jpg.rf.H27ZA4ncqzJEfvJNY2On.jpg,521,381,951,1025,1,medium,2,unknown,water,coco:IMG_20250401_163538_jpg.rf.H27ZA4ncqzJEfvJNY2On.jpg,0.426275,coco_glass,1,1
IMG_20250401_155645_jpg.rf.6QL9BY36eLRumdblY5fX.jpg,559,444,1141,1134,1,small,1,unknown,water,coco:IMG_20250401_155645_jpg.rf.6QL9BY36eLRumdblY5fX.jpg,0.144967,coco_glass,1,1
IMG_20250401_145947_jpg.rf.ZNPtlLSIg3H82TYi1IqI.jpg,499,414,1150,1181,0,none,0,unknown,none,coco:IMG_20250401_145947_jpg.rf.ZNPtlLSIg3H82TYi1IqI.jpg,0.000000,coco_glass,1,0
IMG_20250401_154912_jpg.rf.wspyHXQOhs0LU9sMteTp.jpg,497,491,1024,1249,1,small,1,unknown,water,coco:IMG_20250401_154912_jpg.rf.wspyHXQOhs0LU9sMteTp.jpg,0.157422,coco_glass,1,1
IMG_20250401_150208_jpg.rf.XtMcfHyGkdEKVdhKbmcv.jpg,422,419,945,1197,0,none,0,unknown,none,coco:IMG_20250401_150208_jpg.rf.XtMcfHyGkdEKVdhKbmcv.jpg,0.000000,coco_glass,3,0
IMG_20250401_155036_jpg.rf.LScDYXh3pQ1dMJoX9PcH.jpg,374,214,1099,1245,0,none,0,unknown,none,coco:IMG_20250401_155036_jpg.rf.LScDYXh3pQ1dMJoX9PcH.jpg,0.000000,coco_glass,1,0
IMG_20250401_152159_jpg.rf.ZPHlFOx8BEskbYD8xqxk.jpg,329,232,993,1193,1,small,1,unknown,water,coco:IMG_20250401_152159_jpg.rf.ZPHlFOx8BEskbYD8xqxk.jpg,0.237121,coco_glass,1,1
IMG_20250401_152257_jpg.rf.wtsoBLdE73va6dEf21G5.jpg,472,337,1100,1254,1,large,3,unknown,water,coco:IMG_20250401_152257_jpg.rf.wtsoBLdE73va6dEf21G5.jpg,0.604653,coco_glass,1,1
IMG_20250401_163557_jpg.rf.Zs5vBPXUIqJaA9sl8Cp9.jpg,435,578,821,1162,1,medium,2,unknown,water,coco:IMG_20250401_163557_jpg.rf.Zs5vBPXUIqJaA9sl8Cp9.jpg,0.582545,coco_glass,1,1
IMG_20250401_150112_jpg.rf.wjmVQyGAzuSvO76fKbzY.jpg,246,366,960,1196,1,medium,2,unknown,water,coco:IMG_20250401_150112_jpg.rf.wjmVQyGAzuSvO76fKbzY.jpg,0.287081,coco_glass,1,1
IMG_20250401_152638_jpg.rf.URbEOYt18FfMMSlJTs9d.jpg,389,321,1056,1116,1,medium,2,unknown,water,coco:IMG_20250401_152638_jpg.rf.URbEOYt18FfMMSlJTs9d.jpg,0.288409,coco_glass,1,1
IMG_20250401_152303_jpg.rf.UJAvAPZCcat86mRN69ot.jpg,425,299,998,1146,1,medium,2,unknown,water,coco:IMG_20250401_152303_jpg.rf.UJAvAPZCcat86mRN69ot.jpg,0.580604,coco_glass,1,1
IMG_20250401_151213_jpg.rf.x42AQfOkolG6dqnX4TLj.jpg,295,382,852,1181,1,medium,2,unknown,water,coco:IMG_20250401_151213_jpg.rf.x42AQfOkolG6dqnX4TLj.jpg,0.361067,coco_glass,1,1
IMG_20250401_155622_jpg.rf.XnYvnu58FdxO3BMJZvX6.jpg,461,466,1121,1256,0,none,0,unknown,none,coco:IMG_20250401_155622_jpg.rf.XnYvnu58FdxO3BMJZvX6.jpg,0.000000,coco_glass,1,0
IMG_20250401_151848_jpg.rf.xMV17Hg7b9xDRlagpxBa.jpg,539,629,1054,1251,1,medium,2,unknown,water,coco:IMG_20250401_151848_jpg.rf.xMV17Hg7b9xDRlagpxBa.jpg,0.560273,coco_glass,1,1
IMG_20250401_151623_jpg.rf.ZYqYQPVkDPKg7JidU7BN.jpg,385,409,1025,1360,1,large,3,unknown,water,coco:IMG_20250401_151623_jpg.rf.ZYqYQPVkDPKg7JidU7BN.jpg,0.616206,coco_glass,1,1
IMG_20250401_151204_jpg.rf.xO4BPQc9u4NyGO8sn3yL.jpg,527,510,1008,1220,1,medium,2,unknown,water,coco:IMG_20250401_151204_jpg.rf.xO4BPQc9u4NyGO8sn3yL.jpg,0.379853,coco_glass,1,1
IMG_20250401_150615_jpg.rf.ZVxKXw7Mfa7bqd8SRqQU.jpg,596,527,1096,1141,1,small,1,unknown,water,coco:IMG_20250401_150615_jpg.rf.ZVxKXw7Mfa7bqd8SRqQU.jpg,0.249424,coco_glass,1,1
IMG_20250401_155710_jpg.rf.a0Mwd01cDnM4LWeM6fcY.jpg,294,568,764,1144,1,medium,2,unknown,water,coco:IMG_20250401_155710_jpg.rf.a0Mwd01cDnM4LWeM6fcY.jpg,0.346534,coco_glass,1,1
IMG_20250401_152109_jpg.rf.HwvCprT5uCOS3U5SQOht.jpg,396,342,936,1149,1,small,1,unknown,water,coco:IMG_20250401_152109_jpg.rf.HwvCprT5uCOS3U5SQOht.jpg,0.169088,coco_glass,1,1
IMG_20250401_150617_jpg.rf.V7tVj6vLMq6m8RUlJTRc.jpg,435,490,1147,1336,1,small,1,unknown,water,coco:IMG_20250401_150617_jpg.rf.V7tVj6vLMq6m8RUlJTRc.jpg,0.149253,coco_glass,1,1
IMG_20250401_160505_jpg.rf.HZM7nLysxqFYZLV2ozd9.jpg,441,266,1043,1157,1,medium,2,unknown,water,coco:IMG_20250401_160505_jpg.rf.HZM7nLysxqFYZLV2ozd9.jpg,0.418839,coco_glass,1,1
IMG_20250401_163836_jpg.rf.U2tJj6R3vvKm436xV0E8.jpg,452,539,881,1069,1,medium,2,unknown,water,coco:IMG_20250401_163836_jpg.rf.U2tJj6R3vvKm436xV0E8.jpg,0.267215,coco_glass,1,1
IMG_20250401_155624_jpg.rf.I5IRVsXO20h3T8gClvau.jpg,381,584,830,1145,0,none,0,unknown,none,coco:IMG_20250401_155624_jpg.rf.I5IRVsXO20h3T8gClvau.jpg,0.000000,coco_glass,1,0
IMG_20250401_163249_jpg.rf.I8sO56hOPi4hM1rloP1H.jpg,498,525,988,1118,1,medium,2,unknown,water,coco:IMG_20250401_163249_jpg.rf.I8sO56hOPi4hM1rloP1H.jpg,0.458922,coco_glass,1,1
IMG_20250401_163415_jpg.rf.a80aOjdVPKoyDg8wZIHG.jpg,584,639,987,1250,0,none,0,unknown,none,coco:IMG_20250401_163415_jpg.rf.a80aOjdVPKoyDg8wZIHG.jpg,0.000000,coco_glass,1,0
IMG_20250401_154958_jpg.rf.I1ljVgU1hPOEtP2GZ08a.jpg,458,548,853,1145,1,medium,2,unknown,water,coco:IMG_20250401_154958_jpg.rf.I1ljVgU1hPOEtP2GZ08a.jpg,0.475911,coco_glass,1,1
IMG_20250401_160451_jpg.rf.a4in4xeyhK5TjTK3Yf88.jpg,290,312,877,1177,1,medium,2,unknown,water,coco:IMG_20250401_160451_jpg.rf.a4in4xeyhK5TjTK3Yf88.jpg,0.317894,coco_glass,1,1
IMG_20250401_163540_jpg.rf.IV8cpM6l8uK8CrGRT6BJ.jpg,456,643,771,1129,1,medium,2,unknown,water,coco:IMG_20250401_163540_jpg.rf.IV8cpM6l8uK8CrGRT6BJ.jpg,0.421831,coco_glass,1,1
IMG_20250401_150053_jpg.rf.VeQoA2UqqLLc2hxPdahl.jpg,413,434,1073,1217,1,small,1,unknown,water,coco:IMG_20250401_150053_jpg.rf.VeQoA2UqqLLc2hxPdahl.jpg,0.214630,coco_glass,1,1
IMG_20250401_150138_jpg.rf.IGMZH2TPnXr7x8Yg2e2N.jpg,367,420,1156,1329,1,medium,2,unknown,water,coco:IMG_20250401_150138_jpg.rf.IGMZH2TPnXr7x8Yg2e2N.jpg,0.459692,coco_glass,1,1
IMG_20250401_150030_jpg.rf.VZ64ABRdqZ3Sxqa5iYfU.jpg,363,380,1042,1177,1,small,1,unknown,water,coco:IMG_20250401_150030_jpg.rf.VZ64ABRdqZ3Sxqa5iYfU.jpg,0.113844,coco_glass,1,1
IMG_20250401_150414-2_jpg.rf.WbQlh3p26z2IL52IYZTS.jpg,562,421,1106,1244,1,medium,2,unknown,water,coco:IMG_20250401_150414-2_jpg.rf.WbQlh3p26z2IL52IYZTS.jpg,0.508786,coco_glass,1,1
IMG_20250401_163148_jpg.rf.xnILHJHBxE1EoAyFgK8u.jpg,449,563,936,1164,0,none,0,unknown,none,coco:IMG_20250401_163148_jpg.rf.xnILHJHBxE1EoAyFgK8u.jpg,0.000000,coco_glass,1,0
IMG_20250401_145944_jpg.rf.xvxEngwwOAD0qCJ6gPFP.jpg,570,552,1065,1180,1,small,1,unknown,water,coco:IMG_20250401_145944_jpg.rf.xvxEngwwOAD0qCJ6gPFP.jpg,0.168539,coco_glass,2,1
IMG_20250401_152441_jpg.rf.WT8DIFWTJKhCCFEChNCm.jpg,394,341,979,1203,1,medium,2,unknown,water,coco:IMG_20250401_152441_jpg.rf.WT8DIFWTJKhCCFEChNCm.jpg,0.259797,coco_glass,1,1
IMG_20250401_151729_jpg.rf.VLaEZopA4hb39yGNbzFd.jpg,472,353,1056,1069,1,small,1,unknown,water,coco:IMG_20250401_151729_jpg.rf.VLaEZopA4hb39yGNbzFd.jpg,0.196598,coco_glass,1,1
IMG_20250401_152157_jpg.rf.VcLmS2iYQNcSTX1CXKZP.jpg,408,396,1069,1341,1,medium,2,unknown,water,coco:IMG_20250401_152157_jpg.rf.VcLmS2iYQNcSTX1CXKZP.jpg,0.272135,coco_glass,1,1
IMG_20250401_155751_jpg.rf.yDGEiJLtihavETtoYiI0.jpg,491,513,953,1085,1,medium,2,unknown,water,coco:IMG_20250401_155751_jpg.rf.yDGEiJLtihavETtoYiI0.jpg,0.510345,coco_glass,1,1
IMG_20250401_152604_jpg.rf.y1sgGEhhwP1x2TOUwEWd.jpg,389,288,1064,1081,1,small,1,unknown,water,coco:IMG_20250401_152604_jpg.rf.y1sgGEhhwP1x2TOUwEWd.jpg,0.131176,coco_glass,1,1
IMG_20250401_154915_jpg.rf.ynG0BBm40yfrIkmdImCq.jpg,461,333,1074,1191,1,small,1,unknown,water,coco:IMG_20250401_154915_jpg.rf.ynG0BBm40yfrIkmdImCq.jpg,0.149764,coco_glass,1,1
IMG_20250401_152711_jpg.rf.WXDIb8AG3DojwH6eOsrE.jpg,333,427,926,1145,1,medium,2,unknown,water,coco:IMG_20250401_152711_jpg.rf.WXDIb8AG3DojwH6eOsrE.jpg,0.394623,coco_glass,2,1
IMG_20250401_151235_jpg.rf.zTAKu8ok4G62QqIKNd4o.jpg,499,467,1057,1296,1,medium,2,unknown,water,coco:IMG_20250401_151235_jpg.rf.zTAKu8ok4G62QqIKNd4o.jpg,0.510123,coco_glass,1,1
IMG_20250401_163021_jpg.rf.xfbPCE7jUaXuhrteJz39.jpg,329,363,788,1057,1,medium,2,unknown,water,coco:IMG_20250401_163021_jpg.rf.xfbPCE7jUaXuhrteJz39.jpg,0.479821,coco_glass,1,1
IMG_20250401_152353_jpg.rf.IokKPchczLS3OE8mMroR.jpg,298,142,1071,1217,0,none,0,unknown,none,coco:IMG_20250401_152353_jpg.rf.IokKPchczLS3OE8mMroR.jpg,0.000000,coco_glass,1,0
IMG_20250401_155419_jpg.rf.yTndKeky2Rxe7r2kcUiA.jpg,403,284,1148,1342,1,medium,2,unknown,water,coco:IMG_20250401_155419_jpg.rf.yTndKeky2Rxe7r2kcUiA.jpg,0.317093,coco_glass,1,1
IMG_20250401_155053_jpg.rf.W0OgZOPbPztjprksQpY7.jpg,340,350,1009,1300,1,small,1,unknown,water,coco:IMG_20250401_155053_jpg.rf.W0OgZOPbPztjprksQpY7.jpg,0.147689,coco_glass,1,1
IMG_20250401_160441_jpg.rf.yu233eNzGI7IiQaA1W7H.jpg,371,357,854,1084,1,small,1,unknown,water,coco:IMG_20250401_160441_jpg.rf.yu233eNzGI7IiQaA1W7H.jpg,0.195895,coco_glass,1,1
IMG_20250401_163036_jpg.rf.yMJeH5gKBnszRYKRZa1d.jpg,313,454,748,1121,1,large,3,unknown,water,coco:IMG_20250401_163036_jpg.rf.yMJeH5gKBnszRYKRZa1d.jpg,0.674183,coco_glass,1,1
IMG_20250401_163513_jpg.rf.zlh2mGx9w2WYDHu2uRtX.jpg,440,604,766,1099,1,medium,2,unknown,water,coco:IMG_20250401_163513_jpg.rf.zlh2mGx9w2WYDHu2uRtX.jpg,0.299679,coco_glass,1,1
IMG_20250401_155745_jpg.rf.CPNDtJBTZrrPApZZVnv2.jpg,345,401,1049,1224,1,medium,2,unknown,water,coco:IMG_20250401_155745_jpg.rf.CPNDtJBTZrrPApZZVnv2.jpg,0.549694,coco_glass,1,1
IMG_20250401_150224_jpg.rf.zu8SaaAuF9UBlK96uYE5.jpg,434,258,1172,1304,1,small,1,unknown,water,coco:IMG_20250401_150224_jpg.rf.zu8SaaAuF9UBlK96uYE5.jpg,0.131460,coco_glass,2,2
IMG_20250401_152527_jpg.rf.JgHbi1NwYgZjzlBFRnfp.jpg,377,323,1102,1328,1,medium,2,unknown,water,coco:IMG_20250401_152527_jpg.rf.JgHbi1NwYgZjzlBFRnfp.jpg,0.528337,coco_glass,1,1
IMG_20250401_160534_jpg.rf.VpZ2FRBF2ebJRi4G9Oqk.jpg,424,253,1008,1117,1,medium,2,unknown,water,coco:IMG_20250401_160534_jpg.rf.VpZ2FRBF2ebJRi4G9Oqk.jpg,0.547621,coco_glass,1,1
IMG_20250401_160555_jpg.rf.JhwC2fsQZOOGe1S5VFGd.jpg,410,264,1095,1295,0,none,0,unknown,none,coco:IMG_20250401_160555_jpg.rf.JhwC2fsQZOOGe1S5VFGd.jpg,0.000000,coco_glass,1,0
IMG_20250401_154933_jpg.rf.xpd1UKrBYNj5udmJ5Jd2.jpg,365,478,934,1279,1,small,1,unknown,water,coco:IMG_20250401_154933_jpg.rf.xpd1UKrBYNj5udmJ5Jd2.jpg,0.231679,coco_glass,1,1
IMG_20250401_163937_jpg.rf.yXuJwsma0EyuYbqAzjyb.jpg,550,572,1044,1177,1,medium,2,unknown,water,coco:IMG_20250401_163937_jpg.rf.yXuJwsma0EyuYbqAzjyb.jpg,0.562454,coco_glass,1,1
IMG_20250401_160634_jpg.rf.DAOHBm49wcsLl7BT4WuF.jpg,456,146,1124,1160,1,medium,2,unknown,water,coco:IMG_20250401_160634_jpg.rf.DAOHBm49wcsLl7BT4WuF.jpg,0.266184,coco_glass,1,1
IMG_20250401_155056_jpg.rf.CKZABwIRBNrHjtndRTbo.jpg,355,435,841,1180,1,small,1,unknown,water,coco:IMG_20250401_155056_jpg.rf.CKZABwIRBNrHjtndRTbo.jpg,0.149260,coco_glass,1,1
IMG_20250401_155454_jpg.rf.CuG95mM0n6YYIFAFOP3c.jpg,400,441,888,1188,1,medium,2,unknown,water,coco:IMG_20250401_155454_jpg.rf.CuG95mM0n6YYIFAFOP3c.jpg,0.520893,coco_glass,1,1
IMG_20250401_152636_jpg.rf.EOAHrrE8WpHEG95QyI2J.jpg,412,483,1122,1303,1,medium,2,unknown,water,coco:IMG_20250401_152636_jpg.rf.EOAHrrE8WpHEG95QyI2J.jpg,0.365987,coco_glass,1,1
IMG_20250401_152106-2_jpg.rf.JbQnamRL5l9RTWYdbTbR.jpg,536,505,1035,1235,1,small,1,unknown,water,coco:IMG_20250401_152106-2_jpg.rf.JbQnamRL5l9RTWYdbTbR.jpg,0.143603,coco_glass,1,1
IMG_20250401_152220_jpg.rf.JzxwqFJ0NBK4Q0XYg8C7.jpg,0,0,1440,1920,1,small,1,unknown,water,coco:IMG_20250401_152220_jpg.rf.JzxwqFJ0NBK4Q0XYg8C7.jpg,0.236816,fallback_full_image,0,2
IMG_20250401_152417_jpg.rf.Dz54erFPSkSaXf5KnFkR.jpg,331,164,998,1114,1,small,1,unknown,water,coco:IMG_20250401_152417_jpg.rf.Dz54erFPSkSaXf5KnFkR.jpg,0.124378,coco_glass,1,1
IMG_20250401_152545_jpg.rf.DjdaQZE7j2gBXEZibYMD.jpg,350,429,1067,1268,0,none,0,unknown,none,coco:IMG_20250401_152545_jpg.rf.DjdaQZE7j2gBXEZibYMD.jpg,0.000000,coco_glass,1,0
IMG_20250401_150513_jpg.rf.DQ19tQRDmq42jpIhZeOl.jpg,475,362,1059,1222,1,medium,2,unknown,water,coco:IMG_20250401_150513_jpg.rf.DQ19tQRDmq42jpIhZeOl.jpg,0.557620,coco_glass,1,1
IMG_20250401_155452_jpg.rf.E3QqRPg7DohrzY0SVOBo.jpg,294,181,1054,1288,1,medium,2,unknown,water,coco:IMG_20250401_155452_jpg.rf.E3QqRPg7DohrzY0SVOBo.jpg,0.493511,coco_glass,1,1
IMG_20250401_150056_jpg.rf.DNdu6hxd4sd1yj22xRNs.jpg,430,560,940,1185,1,medium,2,unknown,water,coco:IMG_20250401_150056_jpg.rf.DNdu6hxd4sd1yj22xRNs.jpg,0.321584,coco_glass,1,1
IMG_20250401_151635_jpg.rf.ENlHKpLsuoj5RzY8k8ZL.jpg,494,541,1021,1190,0,none,0,unknown,none,coco:IMG_20250401_151635_jpg.rf.ENlHKpLsuoj5RzY8k8ZL.jpg,0.000000,coco_glass,1,0
IMG_20250401_151529_jpg.rf.zgHdvpPjtZmeudDvg5cv.jpg,344,368,981,1315,1,medium,2,unknown,water,coco:IMG_20250401_151529_jpg.rf.zgHdvpPjtZmeudDvg5cv.jpg,0.284858,coco_glass,1,1
IMG_20250401_155707_jpg.rf.JuDoe5L5VGNrHTGlSfbv.jpg,396,326,1020,1069,1,medium,2,unknown,water,coco:IMG_20250401_155707_jpg.rf.JuDoe5L5VGNrHTGlSfbv.jpg,0.272879,coco_glass,1,1
IMG_20250401_163738_jpg.rf.Js71zVAekHLUQUH859To.jpg,391,376,836,1076,1,large,3,unknown,water,coco:IMG_20250401_163738_jpg.rf.Js71zVAekHLUQUH859To.jpg,0.677904,coco_glass,1,1
IMG_20250401_155604_jpg.rf.IstvNJ2HnYiMWkqEHiod.jpg,351,247,1007,1199,1,large,3,unknown,water,coco:IMG_20250401_155604_jpg.rf.IstvNJ2HnYiMWkqEHiod.jpg,0.692630,coco_glass,1,1
IMG_20250401_150805_jpg.rf.JSRCrsLMwT5mDY6hHiDW.jpg,295,525,890,1229,1,medium,2,unknown,water,coco:IMG_20250401_150805_jpg.rf.JSRCrsLMwT5mDY6hHiDW.jpg,0.461615,coco_glass,1,1
IMG_20250401_163627_jpg.rf.IlZ0kpLf08enht52z305.jpg,474,272,1104,1206,0,none,0,unknown,none,coco:IMG_20250401_163627_jpg.rf.IlZ0kpLf08enht52z305.jpg,0.000000,coco_glass,1,0
IMG_20250401_163235_jpg.rf.DLK64uaTHjAck03J9Czf.jpg,0,0,1440,1920,0,none,0,unknown,none,coco:IMG_20250401_163235_jpg.rf.DLK64uaTHjAck03J9Czf.jpg,0.000000,fallback_full_image,0,0
IMG_20250401_155730_jpg.rf.EPLfRbUXqpD3fX2d5Tuf.jpg,322,540,809,1140,1,medium,2,unknown,water,coco:IMG_20250401_155730_jpg.rf.EPLfRbUXqpD3fX2d5Tuf.jpg,0.400306,coco_glass,1,1
IMG_20250401_145925_jpg.rf.Ebo7XHFjF9Fc0t8YIsgt.jpg,436,505,856,1121,1,medium,2,unknown,water,coco:IMG_20250401_145925_jpg.rf.Ebo7XHFjF9Fc0t8YIsgt.jpg,0.577667,coco_glass,1,1
IMG_20250401_163150_jpg.rf.EW9VrnJnreWo67ioX40o.jpg,582,446,1147,1121,0,none,0,unknown,none,coco:IMG_20250401_163150_jpg.rf.EW9VrnJnreWo67ioX40o.jpg,0.000000,coco_glass,1,0
IMG_20250401_154850_jpg.rf.EJTVqrao3Il5JuWgxrDm.jpg,342,515,735,1100,0,none,0,unknown,none,coco:IMG_20250401_154850_jpg.rf.EJTVqrao3Il5JuWgxrDm.jpg,0.000000,coco_glass,1,0
IMG_20250401_155728_jpg.rf.bIXLcGdN2pXqG5sSDZzc.jpg,329,305,1067,1158,1,medium,2,unknown,water,coco:IMG_20250401_155728_jpg.rf.bIXLcGdN2pXqG5sSDZzc.jpg,0.455248,coco_glass,1,1
IMG_20250401_150110_jpg.rf.DMAye2vwmxK6wlIUbsuc.jpg,625,517,1193,1207,1,medium,2,unknown,water,coco:IMG_20250401_150110_jpg.rf.DMAye2vwmxK6wlIUbsuc.jpg,0.349857,coco_glass,1,1
IMG_20250401_163417_jpg.rf.Etl1tIyE87jT9p6pFvfq.jpg,505,482,968,1173,0,none,0,unknown,none,coco:IMG_20250401_163417_jpg.rf.Etl1tIyE87jT9p6pFvfq.jpg,0.000000,coco_glass,1,0
IMG_20250401_160615_jpg.rf.EvdB5xYkzrKZTzxJGXyf.jpg,481,335,1090,1274,1,small,1,unknown,water,coco:IMG_20250401_160615_jpg.rf.EvdB5xYkzrKZTzxJGXyf.jpg,0.161208,coco_glass,1,1
IMG_20250401_151733_jpg.rf.F0Vd2V4Zft7F24XZXziE.jpg,337,456,886,1124,1,medium,2,unknown,water,coco:IMG_20250401_151733_jpg.rf.F0Vd2V4Zft7F24XZXziE.jpg,0.270739,coco_glass,1,1
IMG_20250401_160611_jpg.rf.Ep4y6rx42YGfvY1EKBIF.jpg,388,285,1045,1283,1,small,1,unknown,water,coco:IMG_20250401_160611_jpg.rf.Ep4y6rx42YGfvY1EKBIF.jpg,0.151786,coco_glass,1,1
IMG_20250401_150202_jpg.rf.G6PBsSKUHioHEnJwoE5E.jpg,663,382,1235,1225,0,none,0,unknown,none,coco:IMG_20250401_150202_jpg.rf.G6PBsSKUHioHEnJwoE5E.jpg,0.000000,coco_glass,1,0
IMG_20250401_163941_jpg.rf.aRkmtKmIUtCQiQ1y1cNz.jpg,292,598,700,1107,1,medium,2,unknown,water,coco:IMG_20250401_163941_jpg.rf.aRkmtKmIUtCQiQ1y1cNz.jpg,0.586348,coco_glass,1,1
IMG_20250401_163700_jpg.rf.FVtfKrdnaYf8PUv9U8Ya.jpg,470,298,1036,1144,1,medium,2,unknown,water,coco:IMG_20250401_163700_jpg.rf.FVtfKrdnaYf8PUv9U8Ya.jpg,0.321569,coco_glass,1,1
IMG_20250401_150730_jpg.rf.FLJs6tLrrNnnhyBbYk8A.jpg,593,564,1100,1170,1,medium,2,unknown,water,coco:IMG_20250401_150730_jpg.rf.FLJs6tLrrNnnhyBbYk8A.jpg,0.378897,coco_glass,1,1
IMG_20250401_163647_jpg.rf.F1uXI3JBJhfxjTtPzx57.jpg,317,287,962,1247,1,small,1,unknown,water,coco:IMG_20250401_163647_jpg.rf.F1uXI3JBJhfxjTtPzx57.jpg,0.160876,coco_glass,1,1
IMG_20250401_151402_jpg.rf.Ewm1P3UgdpRrJkrjIoNJ.jpg,311,224,1113,1346,0,none,0,unknown,none,coco:IMG_20250401_151402_jpg.rf.Ewm1P3UgdpRrJkrjIoNJ.jpg,0.000000,coco_glass,1,0
IMG_20250401_150515_jpg.rf.F0rkI81xZ9wBX4xWDGHW.jpg,285,333,1017,1380,1,medium,2,unknown,water,coco:IMG_20250401_150515_jpg.rf.F0rkI81xZ9wBX4xWDGHW.jpg,0.594664,coco_glass,1,1
IMG_20250401_152350_jpg.rf.ayEt32H29HxuABHJowWg.jpg,398,308,1142,1348,1,small,1,unknown,water,coco:IMG_20250401_152350_jpg.rf.ayEt32H29HxuABHJowWg.jpg,0.107006,coco_glass,2,1
IMG_20250401_163700-2_jpg.rf.anGALRPkyux868zoYATp.jpg,484,297,1052,1145,1,medium,2,unknown,water,coco:IMG_20250401_163700-2_jpg.rf.anGALRPkyux868zoYATp.jpg,0.312420,coco_glass,1,1
IMG_20250401_151003_jpg.rf.by4xYIJhoP3ZtaUC01E5.jpg,504,538,987,1225,0,none,0,unknown,none,coco:IMG_20250401_151003_jpg.rf.by4xYIJhoP3ZtaUC01E5.jpg,0.000000,coco_glass,1,0
IMG_20250401_151600_jpg.rf.bx2V0LyfeU7XzvpVJIv0.jpg,408,385,988,1249,1,medium,2,unknown,water,coco:IMG_20250401_151600_jpg.rf.bx2V0LyfeU7XzvpVJIv0.jpg,0.425188,coco_glass,1,1
IMG_20250401_163554_jpg.rf.ab6jbsJunaAidYpWxIA3.jpg,432,449,935,1188,1,large,3,unknown,water,coco:IMG_20250401_163554_jpg.rf.ab6jbsJunaAidYpWxIA3.jpg,0.617870,coco_glass,1,1
IMG_20250401_150416_jpg.rf.bYfHYTr99ZTQDRORrAno.jpg,259,285,954,1271,0,none,0,unknown,none,coco:IMG_20250401_150416_jpg.rf.bYfHYTr99ZTQDRORrAno.jpg,0.000000,coco_glass,1,0
IMG_20250401_145752_jpg.rf.G2VoqvQZ4LVzOz3a7NcE.jpg,472,460,929,1116,1,medium,2,unknown,water,coco:IMG_20250401_145752_jpg.rf.G2VoqvQZ4LVzOz3a7NcE.jpg,0.344889,coco_glass,1,1
IMG_20250401_163913_jpg.rf.bloUDIxOCKH4N1GNrEfP.jpg,477,452,1013,1106,1,medium,2,unknown,water,coco:IMG_20250401_163913_jpg.rf.bloUDIxOCKH4N1GNrEfP.jpg,0.408967,coco_glass,1,1
IMG_20250401_163853_jpg.rf.cGw7RZ4N0GfV34oCiPK4.jpg,446,462,878,1001,1,medium,2,unknown,water,coco:IMG_20250401_163853_jpg.rf.cGw7RZ4N0GfV34oCiPK4.jpg,0.333087,coco_glass,1,1
IMG_20250401_163917_jpg.rf.bPiACynU3CR8k7SFZszg.jpg,350,444,768,967,1,medium,2,unknown,water,coco:IMG_20250401_163917_jpg.rf.bPiACynU3CR8k7SFZszg.jpg,0.459209,coco_glass,1,1
IMG_20250401_150735_jpg.rf.Cij8ESVOPmhtzaPpEXxh.jpg,415,442,1167,1323,1,medium,2,unknown,water,coco:IMG_20250401_150735_jpg.rf.Cij8ESVOPmhtzaPpEXxh.jpg,0.328922,coco_glass,1,1
IMG_20250401_163736_jpg.rf.btDij7Hs6Rgd6IQp27WF.jpg,371,300,966,1196,1,large,3,unknown,water,coco:IMG_20250401_163736_jpg.rf.btDij7Hs6Rgd6IQp27WF.jpg,0.712177,coco_glass,1,1
IMG_20250401_163645_jpg.rf.cBPLk9Jg0sOLngirRUFF.jpg,462,295,1079,1202,1,small,1,unknown,water,coco:IMG_20250401_163645_jpg.rf.cBPLk9Jg0sOLngirRUFF.jpg,0.125963,coco_glass,1,1
IMG_20250401_152655_jpg.rf.dz7JSmCWX5PqhACxNtqi.jpg,394,341,1124,1178,1,medium,2,unknown,water,coco:IMG_20250401_152655_jpg.rf.dz7JSmCWX5PqhACxNtqi.jpg,0.465762,coco_glass,1,1
IMG_20250401_155013_jpg.rf.cohXiAPNcTztFbLzUFlX.jpg,434,427,1033,1263,1,medium,2,unknown,water,coco:IMG_20250401_155013_jpg.rf.cohXiAPNcTztFbLzUFlX.jpg,0.561946,coco_glass,1,1
IMG_20250401_163216_jpg.rf.ca0S9sZigNLpBOGgUHcf.jpg,349,457,874,1088,1,small,1,unknown,water,coco:IMG_20250401_163216_jpg.rf.ca0S9sZigNLpBOGgUHcf.jpg,0.187452,coco_glass,1,1
IMG_20250401_163217_jpg.rf.Ec2n233k8IkuYzMxGpo8.jpg,278,450,719,1006,1,small,1,unknown,water,coco:IMG_20250401_163217_jpg.rf.Ec2n233k8IkuYzMxGpo8.jpg,0.184556,coco_glass,1,1
IMG_20250401_155726_jpg.rf.d0aOdExCY53Ou2miZ7xB.jpg,424,395,1048,1130,1,medium,2,unknown,water,coco:IMG_20250401_155726_jpg.rf.d0aOdExCY53Ou2miZ7xB.jpg,0.386451,coco_glass,1,1
IMG_20250401_163034_jpg.rf.fIm4legAXx1aHYaQ4O6P.jpg,420,294,986,1133,1,large,3,unknown,water,coco:IMG_20250401_163034_jpg.rf.fIm4legAXx1aHYaQ4O6P.jpg,0.709320,coco_glass,1,1
IMG_20250401_155422_jpg.rf.dATw90p3MS6cjpBypsN9.jpg,378,426,832,1144,1,medium,2,unknown,water,coco:IMG_20250401_155422_jpg.rf.dATw90p3MS6cjpBypsN9.jpg,0.350994,coco_glass,1,1
IMG_20250401_152547_jpg.rf.7KuU7N1faLiyRnNEel4e.jpg,406,308,1012,1048,0,none,0,unknown,none,coco:IMG_20250401_152547_jpg.rf.7KuU7N1faLiyRnNEel4e.jpg,0.000000,coco_glass,1,0
IMG_20250401_154935_jpg.rf.f9nT4aP6DyLKeoWCQfTy.jpg,448,321,1078,1204,1,medium,2,unknown,water,coco:IMG_20250401_154935_jpg.rf.f9nT4aP6DyLKeoWCQfTy.jpg,0.254924,coco_glass,1,1
IMG_20250401_163231_jpg.rf.gLrgLcSbPBlmO2bVQY3Y.jpg,515,464,1055,1120,1,medium,2,unknown,water,coco:IMG_20250401_163231_jpg.rf.gLrgLcSbPBlmO2bVQY3Y.jpg,0.330357,coco_glass,1,1
IMG_20250401_151129_jpg.rf.fiKYwXWC5ZhMqUQxIGbu.jpg,504,498,957,1178,1,small,1,unknown,water,coco:IMG_20250401_151129_jpg.rf.fiKYwXWC5ZhMqUQxIGbu.jpg,0.234340,coco_glass,2,2
IMG_20250401_151359_jpg.rf.g5JOBS0dhCZqn2BpcgbF.jpg,515,333,1235,1347,0,none,0,unknown,none,coco:IMG_20250401_151359_jpg.rf.g5JOBS0dhCZqn2BpcgbF.jpg,0.000000,coco_glass,1,0
IMG_20250401_150956_jpg.rf.dZlay9HsoUNP1iMWbP3J.jpg,326,350,977,1267,0,none,0,unknown,none,coco:IMG_20250401_150956_jpg.rf.dZlay9HsoUNP1iMWbP3J.jpg,0.000000,coco_glass,2,0
IMG_20250401_155039_jpg.rf.faNBEBxje0R3jgUpn4jr.jpg,415,403,907,1159,0,none,0,unknown,none,coco:IMG_20250401_155039_jpg.rf.faNBEBxje0R3jgUpn4jr.jpg,0.000000,coco_glass,1,0
IMG_20250401_152031_jpg.rf.gUWJs4rdMF8UbVPUc1KG.jpg,375,445,827,1103,0,none,0,unknown,none,coco:IMG_20250401_152031_jpg.rf.gUWJs4rdMF8UbVPUc1KG.jpg,0.000000,coco_glass,1,0
IMG_20250401_145950_jpg.rf.dIlJwh5xnm25aBJq2oeq.jpg,424,615,976,1299,0,none,0,unknown,none,coco:IMG_20250401_145950_jpg.rf.dIlJwh5xnm25aBJq2oeq.jpg,0.000000,coco_glass,1,0
IMG_20250401_163718_jpg.rf.fpWOkulRzVrPPA9Z3SAS.jpg,308,408,742,1086,1,medium,2,unknown,water,coco:IMG_20250401_163718_jpg.rf.fpWOkulRzVrPPA9Z3SAS.jpg,0.532835,coco_glass,1,1
IMG_20250401_152709_jpg.rf.ffjx0aoTFcSzQtYdfG3w.jpg,402,535,1051,1294,1,medium,2,unknown,water,coco:IMG_20250401_152709_jpg.rf.ffjx0aoTFcSzQtYdfG3w.jpg,0.435109,coco_glass,1,1
IMG_20250401_151826_jpg.rf.6VR0uYNoHuvmhguID5u1.jpg,356,483,890,1135,1,medium,2,unknown,water,coco:IMG_20250401_151826_jpg.rf.6VR0uYNoHuvmhguID5u1.jpg,0.419688,coco_glass,1,1
IMG_20250401_160417_jpg.rf.hfJ4mKLDAFlnIYwzaqNO.jpg,478,481,991,1258,0,none,0,unknown,none,coco:IMG_20250401_160417_jpg.rf.hfJ4mKLDAFlnIYwzaqNO.jpg,0.000000,coco_glass,1,0
IMG_20250401_152222_jpg.rf.9NVjIJqJxpy7xb8m91uU.jpg,0,0,1440,1920,1,small,1,unknown,water,coco:IMG_20250401_152222_jpg.rf.9NVjIJqJxpy7xb8m91uU.jpg,0.182820,fallback_full_image,0,2
IMG_20250401_151555_jpg.rf.9RYEAuHHvujRHbAeMSMM.jpg,509,340,1210,1339,1,medium,2,unknown,water,coco:IMG_20250401_151555_jpg.rf.9RYEAuHHvujRHbAeMSMM.jpg,0.444840,coco_glass,1,1
IMG_20250401_150535_jpg.rf.6tngzD7HU4Ecur3UiLlT.jpg,673,692,1142,1281,0,none,0,unknown,none,coco:IMG_20250401_150535_jpg.rf.6tngzD7HU4Ecur3UiLlT.jpg,0.000000,coco_glass,1,0
IMG_20250401_150227_jpg.rf.876oYOvQlMHC5VMeX4fZ.jpg,420,422,983,1244,1,small,1,unknown,water,coco:IMG_20250401_150227_jpg.rf.876oYOvQlMHC5VMeX4fZ.jpg,0.102819,coco_glass,1,1
IMG_20250401_150334_jpg.rf.8u0ZnhunDvpHCio2gwW2.jpg,319,223,1096,1325,1,medium,2,unknown,water,coco:IMG_20250401_150334_jpg.rf.8u0ZnhunDvpHCio2gwW2.jpg,0.347599,coco_glass,1,1
IMG_20250401_155054_jpg.rf.8xl8xlcxvbXqv1sspIJH.jpg,306,257,1003,1266,1,small,1,unknown,water,coco:IMG_20250401_155054_jpg.rf.8xl8xlcxvbXqv1sspIJH.jpg,0.149610,coco_glass,1,1
IMG_20250401_145922_jpg.rf.9GVHxudDWFqEBTV3hlJ2.jpg,479,438,1041,1265,1,medium,2,unknown,water,coco:IMG_20250401_145922_jpg.rf.9GVHxudDWFqEBTV3hlJ2.jpg,0.530670,coco_glass,1,1
IMG_20250401_160426_jpg.rf.79URIARUuhSTuVBhycI9.jpg,455,469,863,1114,0,none,0,unknown,none,coco:IMG_20250401_160426_jpg.rf.79URIARUuhSTuVBhycI9.jpg,0.000000,coco_glass,1,0
IMG_20250401_145539_jpg.rf.8bUNfe2BLccloAmV5pgV.jpg,392,292,1038,1197,1,medium,2,unknown,water,coco:IMG_20250401_145539_jpg.rf.8bUNfe2BLccloAmV5pgV.jpg,0.371603,coco_glass,2,1
IMG_20250401_152306_jpg.rf.7OhkjCQAcOlsCN1NyRhO.jpg,414,453,904,1187,1,large,3,unknown,water,coco:IMG_20250401_152306_jpg.rf.7OhkjCQAcOlsCN1NyRhO.jpg,0.625958,coco_glass,1,1
IMG_20250401_155015_jpg.rf.96d9yGfzw1h7WUKz9ziv.jpg,440,312,1050,1181,1,medium,2,unknown,water,coco:IMG_20250401_155015_jpg.rf.96d9yGfzw1h7WUKz9ziv.jpg,0.589828,coco_glass,1,1
IMG_20250401_160632_jpg.rf.89jkgVeMfR0l9T5GU8K3.jpg,431,223,1077,1203,1,medium,2,unknown,water,coco:IMG_20250401_160632_jpg.rf.89jkgVeMfR0l9T5GU8K3.jpg,0.255297,coco_glass,1,1
IMG_20250401_150330_jpg.rf.8NLd2ZLHw9udHJ3t8vxj.jpg,680,363,1236,1207,1,medium,2,unknown,water,coco:IMG_20250401_150330_jpg.rf.8NLd2ZLHw9udHJ3t8vxj.jpg,0.412553,coco_glass,1,1
IMG_20250401_150029_jpg.rf.9kct6TRhWJmTarOGoFJ6.jpg,654,454,1264,1185,0,none,0,unknown,none,coco:IMG_20250401_150029_jpg.rf.9kct6TRhWJmTarOGoFJ6.jpg,0.000000,coco_glass,1,0
IMG_20250401_163444_jpg.rf.AikDOkqFgOGzmDVvc1sN.jpg,479,383,948,1074,1,small,1,unknown,water,coco:IMG_20250401_163444_jpg.rf.AikDOkqFgOGzmDVvc1sN.jpg,0.159419,coco_glass,1,1
IMG_20250401_163446_jpg.rf.AMfp5qiLo5EEmnM4WrhO.jpg,460,470,814,1016,1,small,1,unknown,water,coco:IMG_20250401_163446_jpg.rf.AMfp5qiLo5EEmnM4WrhO.jpg,0.178549,coco_glass,1,1
IMG_20250401_154952_jpg.rf.9HUX7W0y6b32gbBUqpim.jpg,499,511,1029,1265,1,medium,2,unknown,water,coco:IMG_20250401_154952_jpg.rf.9HUX7W0y6b32gbBUqpim.jpg,0.421344,coco_glass,1,1
IMG_20250401_152225_jpg.rf.BFX31EdgC419U5nAUBVi.jpg,359,353,871,1108,1,medium,2,unknown,water,coco:IMG_20250401_152225_jpg.rf.BFX31EdgC419U5nAUBVi.jpg,0.380088,coco_glass,1,1
IMG_20250401_155649_jpg.rf.AtIoPjG0KgSr0S89ffQk.jpg,356,422,814,1015,1,small,1,unknown,water,coco:IMG_20250401_155649_jpg.rf.AtIoPjG0KgSr0S89ffQk.jpg,0.154528,coco_glass,1,1
IMG_20250401_163717_jpg.rf.q3lZeTi3MDkQRom9Ho9X.jpg,505,308,1081,1182,1,medium,2,unknown,water,coco:IMG_20250401_163717_jpg.rf.q3lZeTi3MDkQRom9Ho9X.jpg,0.539114,coco_glass,1,1
IMG_20250401_163915_jpg.rf.AIcoHUf7Z9MIIZsHzXUl.jpg,469,385,986,1022,1,medium,2,unknown,water,coco:IMG_20250401_163915_jpg.rf.AIcoHUf7Z9MIIZsHzXUl.jpg,0.441742,coco_glass,1,1
IMG_20250401_145715_jpg.rf.BLNkZo1ZLjEVMBL251ZD.jpg,0,0,1440,1920,1,small,1,unknown,water,coco:IMG_20250401_145715_jpg.rf.BLNkZo1ZLjEVMBL251ZD.jpg,0.030842,fallback_full_image,0,1
IMG_20250401_151509_jpg.rf.BOg1FetawLjRmlMoPBSU.jpg,392,285,1091,1239,1,small,1,unknown,water,coco:IMG_20250401_151509_jpg.rf.BOg1FetawLjRmlMoPBSU.jpg,0.142393,coco_glass,1,1
IMG_20250401_151753_jpg.rf.CEu6Aqbf6o2XsCfXtzIu.jpg,292,502,844,1175,1,medium,2,unknown,water,coco:IMG_20250401_151753_jpg.rf.CEu6Aqbf6o2XsCfXtzIu.jpg,0.376258,coco_glass,1,1
IMG_20250401_151751_jpg.rf.t59w3S2i5DNaSaEEL8ZE.jpg,340,398,927,1113,1,medium,2,unknown,water,coco:IMG_20250401_151751_jpg.rf.t59w3S2i5DNaSaEEL8ZE.jpg,0.270695,coco_glass,1,1
IMG_20250401_151049_jpg.rf.CDLOTRcL1JLKiwq5s8H7.jpg,507,385,1078,1193,1,small,1,unknown,water,coco:IMG_20250401_151049_jpg.rf.CDLOTRcL1JLKiwq5s8H7.jpg,0.102140,coco_glass,1,1
IMG_20250401_152529_jpg.rf.BAPovlr1ysUd4A9nQC2N.jpg,407,281,1118,1254,1,medium,2,unknown,water,coco:IMG_20250401_152529_jpg.rf.BAPovlr1ysUd4A9nQC2N.jpg,0.547271,coco_glass,1,1
IMG_20250401_163442_jpg.rf.9u81vN0Iu0k29fcc7iIO.jpg,545,548,966,1174,1,small,1,unknown,water,coco:IMG_20250401_163442_jpg.rf.9u81vN0Iu0k29fcc7iIO.jpg,0.196733,coco_glass,1,1
IMG_20250401_150141_jpg.rf.qAZIVxAvrrxUCKJUx3HY.jpg,424,490,958,1143,1,medium,2,unknown,water,coco:IMG_20250401_150141_jpg.rf.qAZIVxAvrrxUCKJUx3HY.jpg,0.481400,coco_glass,1,1
IMG_20250401_154847_jpg.rf.qIuboNmH5lKY0HcnsVPM.jpg,342,382,926,1220,0,none,0,unknown,none,coco:IMG_20250401_154847_jpg.rf.qIuboNmH5lKY0HcnsVPM.jpg,0.000000,coco_glass,1,0
IMG_20250401_152602_jpg.rf.qPaAFiimRNexLIozGB9u.jpg,334,434,1065,1269,1,small,1,unknown,water,coco:IMG_20250401_152602_jpg.rf.qPaAFiimRNexLIozGB9u.jpg,0.234127,coco_glass,1,1
IMG_20250401_151850_jpg.rf.qhYC5g27uEVJ4kZGGG15.jpg,421,464,996,1159,1,medium,2,unknown,water,coco:IMG_20250401_151850_jpg.rf.qhYC5g27uEVJ4kZGGG15.jpg,0.493506,coco_glass,1,1
IMG_20250401_151506_jpg.rf.rhoPPhwd54nSuUEDDMxg.jpg,280,352,1016,1418,1,small,1,unknown,water,coco:IMG_20250401_151506_jpg.rf.rhoPPhwd54nSuUEDDMxg.jpg,0.142404,coco_glass,1,1
IMG_20250401_160507_jpg.rf.qGknIGIJvtlzSIdU18AO.jpg,404,325,867,1035,1,medium,2,unknown,water,coco:IMG_20250401_160507_jpg.rf.qGknIGIJvtlzSIdU18AO.jpg,0.418689,coco_glass,1,1
IMG_20250401_152356_jpg.rf.qmTf0hmvdiJ9DQqv0aiI.jpg,461,342,1061,1214,0,none,0,unknown,none,coco:IMG_20250401_152356_jpg.rf.qmTf0hmvdiJ9DQqv0aiI.jpg,0.000000,coco_glass,1,0
IMG_20250401_163939_jpg.rf.rVFuz9tyVmYLV5hIf6W6.jpg,325,543,828,1154,1,large,3,unknown,water,coco:IMG_20250401_163939_jpg.rf.rVFuz9tyVmYLV5hIf6W6.jpg,0.621482,coco_glass,1,1
IMG_20250401_163310_jpg.rf.Bsa8YGqGhu95Jt8JBfFc.jpg,495,520,1042,1175,1,medium,2,unknown,water,coco:IMG_20250401_163310_jpg.rf.Bsa8YGqGhu95Jt8JBfFc.jpg,0.532409,coco_glass,1,1
IMG_20250401_160439_jpg.rf.6pvztbKxqgFiOAzFPygN.jpg,505,386,1059,1219,1,small,1,unknown,water,coco:IMG_20250401_160439_jpg.rf.6pvztbKxqgFiOAzFPygN.jpg,0.195048,coco_glass,1,1
IMG_20250401_151210_jpg.rf.rlTk04BrjGQp3mSrSmiW.jpg,381,373,961,1237,1,medium,2,unknown,water,coco:IMG_20250401_151210_jpg.rf.rlTk04BrjGQp3mSrSmiW.jpg,0.401056,coco_glass,1,1
IMG_20250401_163704_jpg.rf.uQa0xkEgbcIJBVl8tmSk.jpg,329,423,779,1127,1,medium,2,unknown,water,coco:IMG_20250401_163704_jpg.rf.uQa0xkEgbcIJBVl8tmSk.jpg,0.285332,coco_glass,1,1
IMG_20250401_150414_jpg.rf.tcGGcmY5REMGsiQejpeJ.jpg,563,423,1111,1242,1,medium,2,unknown,water,coco:IMG_20250401_150414_jpg.rf.tcGGcmY5REMGsiQejpeJ.jpg,0.510173,coco_glass,1,1
IMG_20250401_163021-2_jpg.rf.tn6X7rlbAXBfORRXmj40.jpg,334,348,794,1045,1,medium,2,unknown,water,coco:IMG_20250401_163021-2_jpg.rf.tn6X7rlbAXBfORRXmj40.jpg,0.480179,coco_glass,1,1
IMG_20250401_151137_jpg.rf.sydMeOxdnCtN4g60xyv8.jpg,441,511,934,1205,1,small,1,unknown,water,coco:IMG_20250401_151137_jpg.rf.sydMeOxdnCtN4g60xyv8.jpg,0.243966,coco_glass,1,1
IMG_20250401_150637_jpg.rf.uTrU8P2Mcak5EJpFiiFu.jpg,423,400,1049,1153,1,small,1,unknown,water,coco:IMG_20250401_150637_jpg.rf.uTrU8P2Mcak5EJpFiiFu.jpg,0.241561,coco_glass,1,1
IMG_20250401_150537_jpg.rf.teFNCb1gDSbLg9MB8X7x.jpg,356,649,1046,1486,0,none,0,unknown,none,coco:IMG_20250401_150537_jpg.rf.teFNCb1gDSbLg9MB8X7x.jpg,0.000000,coco_glass,1,0
IMG_20250401_151620_jpg.rf.vKEIzI2G91LaHnPLfiCO.jpg,533,336,1198,1293,1,medium,2,unknown,water,coco:IMG_20250401_151620_jpg.rf.vKEIzI2G91LaHnPLfiCO.jpg,0.553892,coco_glass,1,1
IMG_20250401_150115_jpg.rf.wANfPnJl9ayO18KqnlOm.jpg,363,522,903,1175,1,medium,2,unknown,water,coco:IMG_20250401_150115_jpg.rf.wANfPnJl9ayO18KqnlOm.jpg,0.332171,coco_glass,1,1
IMG_20250401_154919_jpg.rf.uryUdX39eCsS5kTkUQPq.jpg,481,468,875,1072,1,small,1,unknown,water,coco:IMG_20250401_154919_jpg.rf.uryUdX39eCsS5kTkUQPq.jpg,0.186547,coco_glass,1,1
IMG_20250401_160420_jpg.rf.vVadwqxKaoi3WGV7FZNj.jpg,389,289,958,1133,0,none,0,unknown,none,coco:IMG_20250401_160420_jpg.rf.vVadwqxKaoi3WGV7FZNj.jpg,0.000000,coco_glass,1,0
IMG_20250401_163649_jpg.rf.tUiQ46uG4TpOvd7H8ut6.jpg,428,420,900,1146,1,small,1,unknown,water,coco:IMG_20250401_163649_jpg.rf.tUiQ46uG4TpOvd7H8ut6.jpg,0.129707,coco_glass,1,1
IMG_20250401_150051_jpg.rf.sYgQS2uz9UQCPKaHtrfs.jpg,757,461,1351,1168,1,medium,2,unknown,water,coco:IMG_20250401_150051_jpg.rf.sYgQS2uz9UQCPKaHtrfs.jpg,0.334967,coco_glass,1,1
IMG_20250401_145746_jpg.rf.wJpD13t72f8Ix7Hr4EVE.jpg,679,683,1118,1343,1,medium,2,unknown,water,coco:IMG_20250401_145746_jpg.rf.wJpD13t72f8Ix7Hr4EVE.jpg,0.423932,coco_glass,1,1
IMG_20250401_160636_jpg.rf.hg1uz4EMvCYUSYtzIz03.jpg,208,344,774,1206,1,medium,2,unknown,water,coco:IMG_20250401_160636_jpg.rf.hg1uz4EMvCYUSYtzIz03.jpg,0.252089,coco_glass,1,1
IMG_20250401_163214_jpg.rf.uJ9xAc5xY04ZqhusVHTd.jpg,429,480,956,1115,1,medium,2,unknown,water,coco:IMG_20250401_163214_jpg.rf.uJ9xAc5xY04ZqhusVHTd.jpg,0.257134,coco_glass,1,1
IMG_20250401_151504_jpg.rf.vkNzr1NfjgSwskc3apQn.jpg,495,358,1203,1358,1,small,1,unknown,water,coco:IMG_20250401_151504_jpg.rf.vkNzr1NfjgSwskc3apQn.jpg,0.107646,coco_glass,1,1
IMG_20250401_155450_jpg.rf.vdCoyMfhPKaKuZqqgmI6.jpg,418,275,1102,1247,1,medium,2,unknown,water,coco:IMG_20250401_155450_jpg.rf.vdCoyMfhPKaKuZqqgmI6.jpg,0.473687,coco_glass,1,1
IMG_20250401_151052_jpg.rf.wDyZgiYZublZtYIGWnxP.jpg,524,400,1064,1175,1,small,1,unknown,water,coco:IMG_20250401_151052_jpg.rf.wDyZgiYZublZtYIGWnxP.jpg,0.157866,coco_glass,1,1
IMG_20250401_155019_jpg.rf.jHrjIEhIvxCqqHLgcqQ7.jpg,374,488,824,1145,1,medium,2,unknown,water,coco:IMG_20250401_155019_jpg.rf.jHrjIEhIvxCqqHLgcqQ7.jpg,0.573533,coco_glass,1,1
IMG_20250401_145920_jpg.rf.hpZUzQwcfABhZkpRusGf.jpg,633,545,1027,1148,1,large,3,unknown,water,coco:IMG_20250401_145920_jpg.rf.hpZUzQwcfABhZkpRusGf.jpg,0.628630,coco_glass,1,1
IMG_20250401_160453_jpg.rf.iLgiGQ255TzESAExWqYR.jpg,343,219,930,1091,1,medium,2,unknown,water,coco:IMG_20250401_160453_jpg.rf.iLgiGQ255TzESAExWqYR.jpg,0.315453,coco_glass,1,1
IMG_20250401_154937_jpg.rf.uIlq426hIHAl1h4qeBIj.jpg,409,481,860,1135,1,medium,2,unknown,water,coco:IMG_20250401_154937_jpg.rf.uIlq426hIHAl1h4qeBIj.jpg,0.281674,coco_glass,1,1
IMG_20250401_160437_jpg.rf.joaigoXVWp5zWgij4T5j.jpg,404,362,943,1163,1,small,1,unknown,water,coco:IMG_20250401_160437_jpg.rf.joaigoXVWp5zWgij4T5j.jpg,0.182656,coco_glass,1,1
IMG_20250401_150421_jpg.rf.i8iSIVZXEJAbXLXovqMy.jpg,348,433,881,1225,1,medium,2,unknown,water,coco:IMG_20250401_150421_jpg.rf.i8iSIVZXEJAbXLXovqMy.jpg,0.449938,coco_glass,1,1
IMG_20250401_160618_jpg.rf.ispG9VCkGgAzwU4F8kda.jpg,372,383,890,1194,1,small,1,unknown,water,coco:IMG_20250401_160618_jpg.rf.ispG9VCkGgAzwU4F8kda.jpg,0.146298,coco_glass,1,1
IMG_20250401_151237_jpg.rf.ujvhXpEfbZyMNjhC4Kis.jpg,479,410,1063,1271,1,medium,2,unknown,water,coco:IMG_20250401_151237_jpg.rf.ujvhXpEfbZyMNjhC4Kis.jpg,0.554519,coco_glass,1,1
IMG_20250401_152640-2_jpg.rf.jJW4H3PrI1mIUju0aE6C.jpg,300,458,811,1069,1,medium,2,unknown,water,coco:IMG_20250401_152640-2_jpg.rf.jJW4H3PrI1mIUju0aE6C.jpg,0.351740,coco_glass,1,1
IMG_20250401_151557_jpg.rf.kct58QExqhy0wXzSqIw6.jpg,336,324,992,1298,1,medium,2,unknown,water,coco:IMG_20250401_151557_jpg.rf.kct58QExqhy0wXzSqIw6.jpg,0.451029,coco_glass,1,1
IMG_20250401_163715_jpg.rf.iXY2wo8YnXNklVwu3w17.jpg,524,434,1079,1264,1,medium,2,unknown,water,coco:IMG_20250401_163715_jpg.rf.iXY2wo8YnXNklVwu3w17.jpg,0.526137,coco_glass,1,1
IMG_20250401_150519_jpg.rf.lGtCECUtOGqjZ4wXTy4T.jpg,315,446,879,1280,1,medium,2,unknown,water,coco:IMG_20250401_150519_jpg.rf.lGtCECUtOGqjZ4wXTy4T.jpg,0.522763,coco_glass,1,1
IMG_20250401_150759_jpg.rf.lAs0Q71OqlqLxu37yJI0.jpg,0,0,1440,1920,0,none,0,unknown,none,coco:IMG_20250401_150759_jpg.rf.lAs0Q71OqlqLxu37yJI0.jpg,0.000000,fallback_full_image,0,0
IMG_20250401_145712_jpg.rf.khJDzEAp5wGCm9S1p7pa.jpg,477,320,1051,1147,1,medium,2,unknown,water,coco:IMG_20250401_145712_jpg.rf.khJDzEAp5wGCm9S1p7pa.jpg,0.365242,coco_glass,1,1
IMG_20250401_152504_jpg.rf.kTspWwSdjvFGUNNMsg3y.jpg,348,250,1075,1281,1,medium,2,unknown,water,coco:IMG_20250401_152504_jpg.rf.kTspWwSdjvFGUNNMsg3y.jpg,0.484836,coco_glass,1,1
IMG_20250401_160536_jpg.rf.l7CyhQcjV2v75VIkrjdm.jpg,503,294,1107,1181,1,medium,2,unknown,water,coco:IMG_20250401_160536_jpg.rf.l7CyhQcjV2v75VIkrjdm.jpg,0.560117,coco_glass,1,1
IMG_20250401_150737_jpg.rf.jHg7RpxZnKvwpbxFQz7X.jpg,345,579,921,1272,1,medium,2,unknown,water,coco:IMG_20250401_150737_jpg.rf.jHg7RpxZnKvwpbxFQz7X.jpg,0.364186,coco_glass,1,1
IMG_20250401_145634_jpg.rf.lifuGzQ3ywFNQJVH3ewG.jpg,345,488,773,1115,1,medium,2,unknown,water,coco:IMG_20250401_145634_jpg.rf.lifuGzQ3ywFNQJVH3ewG.jpg,0.280803,coco_glass,1,1
IMG_20250401_152437_jpg.rf.nVqwqGaucxMsfVLj5o0S.jpg,442,255,1169,1272,1,medium,2,unknown,water,coco:IMG_20250401_152437_jpg.rf.nVqwqGaucxMsfVLj5o0S.jpg,0.275558,coco_glass,1,1
IMG_20250401_163017_jpg.rf.lVDgYeV78UYhWBQPoSrD.jpg,433,456,931,1225,1,medium,2,unknown,water,coco:IMG_20250401_163017_jpg.rf.lVDgYeV78UYhWBQPoSrD.jpg,0.501210,coco_glass,1,1
IMG_20250401_152113_jpg.rf.nInkLnvWlTykOyd0sR1o.jpg,325,344,876,1166,1,small,1,unknown,water,coco:IMG_20250401_152113_jpg.rf.nInkLnvWlTykOyd0sR1o.jpg,0.164233,coco_glass,1,1
IMG_20250401_152412_jpg.rf.nch2z2ti8wwrXLfeXKJd.jpg,299,177,1162,1310,1,small,1,unknown,water,coco:IMG_20250401_152412_jpg.rf.nch2z2ti8wwrXLfeXKJd.jpg,0.092939,coco_glass,1,1
IMG_20250401_163536_jpg.rf.mvUbShSCldgd6p56wwTS.jpg,526,378,966,1032,1,medium,2,unknown,water,coco:IMG_20250401_163536_jpg.rf.mvUbShSCldgd6p56wwTS.jpg,0.410334,coco_glass,1,1
IMG_20250401_150205_jpg.rf.nnsu4SDvD3up56xCMuvy.jpg,493,233,1228,1271,1,small,1,unknown,water,coco:IMG_20250401_150205_jpg.rf.nnsu4SDvD3up56xCMuvy.jpg,0.065832,coco_glass,2,1
IMG_20250401_163734_jpg.rf.p1SQdwBPbc9ZYXCgNiN9.jpg,469,393,1086,1304,1,large,3,unknown,water,coco:IMG_20250401_163734_jpg.rf.p1SQdwBPbc9ZYXCgNiN9.jpg,0.676145,coco_glass,1,1
IMG_20250401_151240_jpg.rf.nRGZsIwqC6AliNuHjTlT.jpg,463,441,962,1186,1,medium,2,unknown,water,coco:IMG_20250401_151240_jpg.rf.nRGZsIwqC6AliNuHjTlT.jpg,0.522458,coco_glass,1,1
IMG_20250401_151731_jpg.rf.pTzNtmC2w9rNnXyqqTit.jpg,391,386,993,1112,1,small,1,unknown,water,coco:IMG_20250401_151731_jpg.rf.pTzNtmC2w9rNnXyqqTit.jpg,0.148874,coco_glass,1,1
IMG_20250401_145641_jpg.rf.LZokaH2X3UZqJtbGYfQD.jpg,320,172,877,990,1,small,1,unknown,water,coco:IMG_20250401_145641_jpg.rf.LZokaH2X3UZqJtbGYfQD.jpg,0.136313,coco_glass,1,1
IMG_20250401_163253_jpg.rf.nYwwzZX3MDSkXT5xZjsv.jpg,337,598,736,1087,1,medium,2,unknown,water,coco:IMG_20250401_163253_jpg.rf.nYwwzZX3MDSkXT5xZjsv.jpg,0.388817,coco_glass,1,1
IMG_20250401_163032_jpg.rf.LhPROK5g4Tgbv2vbcaWg.jpg,513,407,1050,1214,1,large,3,unknown,water,coco:IMG_20250401_163032_jpg.rf.LhPROK5g4Tgbv2vbcaWg.jpg,0.657866,coco_glass,1,1
IMG_20250401_152026_jpg.rf.oq5XLjwcNrKNIjzmlRfh.jpg,505,432,1111,1271,1,small,1,unknown,water,coco:IMG_20250401_152026_jpg.rf.oq5XLjwcNrKNIjzmlRfh.jpg,0.142237,coco_glass,2,1
IMG_20250401_152730_jpg.rf.NJ1ihzfb4wZSBZGmvFTH.jpg,380,419,892,1051,1,medium,2,unknown,water,coco:IMG_20250401_152730_jpg.rf.NJ1ihzfb4wZSBZGmvFTH.jpg,0.494581,coco_glass,1,1
IMG_20250401_152640_jpg.rf.p5iehqy4QTUlDSJU98Nz.jpg,285,456,796,1069,1,medium,2,unknown,water,coco:IMG_20250401_152640_jpg.rf.p5iehqy4QTUlDSJU98Nz.jpg,0.358494,coco_glass,1,1
IMG_20250401_151531_jpg.rf.LhscDB6W1dXyJMq1npQ8.jpg,338,418,918,1266,1,medium,2,unknown,water,coco:IMG_20250401_151531_jpg.rf.LhscDB6W1dXyJMq1npQ8.jpg,0.253253,coco_glass,1,1
IMG_20250401_152419_jpg.rf.LxaGpCfYF1Hv0Ng8IBYP.jpg,369,262,986,1152,1,small,1,unknown,water,coco:IMG_20250401_152419_jpg.rf.LxaGpCfYF1Hv0Ng8IBYP.jpg,0.133049,coco_glass,1,1
IMG_20250401_163510_jpg.rf.NCERypR4jTrNtWWv0EvA.jpg,470,498,890,1132,1,medium,2,unknown,water,coco:IMG_20250401_163510_jpg.rf.NCERypR4jTrNtWWv0EvA.jpg,0.294282,coco_glass,1,1
IMG_20250401_151625_jpg.rf.NWR9ZWHTV2i2Mivh1eyK.jpg,215,415,795,1252,1,medium,2,unknown,water,coco:IMG_20250401_151625_jpg.rf.NWR9ZWHTV2i2Mivh1eyK.jpg,0.539790,coco_glass,1,1
IMG_20250401_163419_jpg.rf.OcaJgsw4DLuFzqoHgM6y.jpg,487,551,865,1127,0,none,0,unknown,none,coco:IMG_20250401_163419_jpg.rf.OcaJgsw4DLuFzqoHgM6y.jpg,0.000000,coco_glass,1,0
IMG_20250401_155647_jpg.rf.O7DWvyngw7F3qkbw3nqp.jpg,351,412,1013,1185,1,small,1,unknown,water,coco:IMG_20250401_155647_jpg.rf.O7DWvyngw7F3qkbw3nqp.jpg,0.241830,coco_glass,1,1
IMG_20250401_163251_jpg.rf.OBOkMt4Ak8JT0SiNlsVa.jpg,480,514,976,1115,1,medium,2,unknown,water,coco:IMG_20250401_163251_jpg.rf.OBOkMt4Ak8JT0SiNlsVa.jpg,0.422294,coco_glass,1,1
IMG_20250401_163833_jpg.rf.OMyOipDTRtX4giTfA0la.jpg,405,506,948,1169,1,small,1,unknown,water,coco:IMG_20250401_163833_jpg.rf.OMyOipDTRtX4giTfA0la.jpg,0.231229,coco_glass,1,1
IMG_20250401_163630_jpg.rf.P4FdgURIaYmEwlwRobPe.jpg,417,313,1075,1300,0,none,0,unknown,none,coco:IMG_20250401_163630_jpg.rf.P4FdgURIaYmEwlwRobPe.jpg,0.000000,coco_glass,1,0
IMG_20250401_152728_jpg.rf.PyjOQJJdeaTZrRyKMIcd.jpg,389,364,1076,1174,1,medium,2,unknown,water,coco:IMG_20250401_152728_jpg.rf.PyjOQJJdeaTZrRyKMIcd.jpg,0.469488,coco_glass,1,1
IMG_20250401_155606_jpg.rf.QvuINUf4Y7DYEiSQnREP.jpg,256,375,748,1121,1,large,3,unknown,water,coco:IMG_20250401_155606_jpg.rf.QvuINUf4Y7DYEiSQnREP.jpg,0.663248,coco_glass,1,1
IMG_20250401_152713_jpg.rf.OJSZ5UMhAiPBLZVtwtVP.jpg,361,464,866,1088,1,medium,2,unknown,water,coco:IMG_20250401_152713_jpg.rf.OJSZ5UMhAiPBLZVtwtVP.jpg,0.422321,coco_glass,1,1
IMG_20250401_151413_jpg.rf.RB92oUmVIB8KwZNJpfVA.jpg,250,398,894,1318,0,none,0,unknown,none,coco:IMG_20250401_151413_jpg.rf.RB92oUmVIB8KwZNJpfVA.jpg,0.000000,coco_glass,1,0
IMG_20250401_155602_jpg.rf.RZJHDUzDbPtz5gvzEeIO.jpg,369,270,1003,1186,1,large,3,unknown,water,coco:IMG_20250401_155602_jpg.rf.RZJHDUzDbPtz5gvzEeIO.jpg,0.660354,coco_glass,1,1
IMG_20250401_145709_jpg.rf.RtjIM9domBXLgY3aUvWC.jpg,628,557,1119,1272,1,medium,2,unknown,water,coco:IMG_20250401_145709_jpg.rf.RtjIM9domBXLgY3aUvWC.jpg,0.291409,coco_glass,1,1
IMG_20250401_151640_jpg.rf.MDj4yT4RamqhSb8YMy6b.jpg,285,568,813,1217,0,none,0,unknown,none,coco:IMG_20250401_151640_jpg.rf.MDj4yT4RamqhSb8YMy6b.jpg,0.000000,coco_glass,1,0
IMG_20250401_151528_jpg.rf.SgN7WyO46Bp1zjvweeZL.jpg,422,264,1083,1225,1,small,1,unknown,water,coco:IMG_20250401_151528_jpg.rf.SgN7WyO46Bp1zjvweeZL.jpg,0.218682,coco_glass,1,1
IMG_20250401_145544_jpg.rf.PlTTrprs1mtONtyhmNcU.jpg,340,477,773,1107,1,medium,2,unknown,water,coco:IMG_20250401_145544_jpg.rf.PlTTrprs1mtONtyhmNcU.jpg,0.578247,coco_glass,2,1
IMG_20250401_155034_jpg.rf.0cnryDx2QazRWToZTh7n.jpg,366,344,1017,1277,0,none,0,unknown,none,coco:IMG_20250401_155034_jpg.rf.0cnryDx2QazRWToZTh7n.jpg,0.000000,coco_glass,1,0
IMG_20250401_163233_jpg.rf.R4AgfTPVG4UGtfhDFX6I.jpg,489,422,1025,1063,1,medium,2,unknown,water,coco:IMG_20250401_163233_jpg.rf.R4AgfTPVG4UGtfhDFX6I.jpg,0.300406,coco_glass,1,1
IMG_20250401_152531_jpg.rf.RYOyhckNfDEIAg7lkWdo.jpg,325,261,922,1123,1,medium,2,unknown,water,coco:IMG_20250401_152531_jpg.rf.RYOyhckNfDEIAg7lkWdo.jpg,0.532951,coco_glass,1,1
IMG_20250401_163850_jpg.rf.Qru9BYLVX3KZCaPtoxRh.jpg,372,497,903,1157,1,medium,2,unknown,water,coco:IMG_20250401_163850_jpg.rf.Qru9BYLVX3KZCaPtoxRh.jpg,0.265372,coco_glass,1,1
IMG_20250401_152549_jpg.rf.QyYYaTwlmPKGDOp37dxM.jpg,426,493,898,1085,0,none,0,unknown,none,coco:IMG_20250401_152549_jpg.rf.QyYYaTwlmPKGDOp37dxM.jpg,0.000000,coco_glass,1,0
IMG_20250401_152726_jpg.rf.T5bKVBg0HTBkVV1PysYf.jpg,429,447,1179,1314,1,medium,2,unknown,water,coco:IMG_20250401_152726_jpg.rf.T5bKVBg0HTBkVV1PysYf.jpg,0.495408,coco_glass,1,1
IMG_20250401_160455_jpg.rf.0BTqV8RW89mda21elnO1.jpg,298,397,754,1076,1,medium,2,unknown,water,coco:IMG_20250401_160455_jpg.rf.0BTqV8RW89mda21elnO1.jpg,0.328207,coco_glass,1,1
IMG_20250401_160503_jpg.rf.S528guk4lucocWWjo6JE.jpg,514,389,1056,1197,1,medium,2,unknown,water,coco:IMG_20250401_160503_jpg.rf.S528guk4lucocWWjo6JE.jpg,0.426400,coco_glass,1,1
IMG_20250401_151637_jpg.rf.1BzvM5SeQiWirSoenvT4.jpg,400,495,960,1178,0,none,0,unknown,none,coco:IMG_20250401_151637_jpg.rf.1BzvM5SeQiWirSoenvT4.jpg,0.000000,coco_glass,1,0
IMG_20250401_150246_jpg.rf.0jnh7L5WhatSuSsw6BNw.jpg,649,422,1185,1226,1,medium,2,unknown,water,coco:IMG_20250401_150246_jpg.rf.0jnh7L5WhatSuSsw6BNw.jpg,0.279000,coco_glass,1,1
IMG_20250401_152106_jpg.rf.RMLjP5ZRckhjntzvFn0E.jpg,534,514,1031,1245,1,small,1,unknown,water,coco:IMG_20250401_152106_jpg.rf.RMLjP5ZRckhjntzvFn0E.jpg,0.152939,coco_glass,1,1
IMG_20250401_151055_jpg.rf.QUAEidNTygNH9TvaqVSx.jpg,432,445,915,1118,0,none,0,unknown,none,coco:IMG_20250401_151055_jpg.rf.QUAEidNTygNH9TvaqVSx.jpg,0.000000,coco_glass,2,0
IMG_20250401_154954_jpg.rf.S7r9Py9TNo69yWh5Mrch.jpg,439,371,1003,1177,1,medium,2,unknown,water,coco:IMG_20250401_154954_jpg.rf.S7r9Py9TNo69yWh5Mrch.jpg,0.454134,coco_glass,1,1
IMG_20250401_163831_jpg.rf.1QKcxdkD8j6QXBpKtoDr.jpg,446,505,1012,1198,1,small,1,unknown,water,coco:IMG_20250401_163831_jpg.rf.1QKcxdkD8j6QXBpKtoDr.jpg,0.163255,coco_glass,1,1
IMG_20250401_155619_jpg.rf.2QAJLMBOhhEV6weUihKN.jpg,475,463,1070,1181,0,none,0,unknown,none,coco:IMG_20250401_155619_jpg.rf.2QAJLMBOhhEV6weUihKN.jpg,0.000000,coco_glass,1,0
IMG_20250401_160557_jpg.rf.1pyUU5WnIrVAbC6aDKVw.jpg,412,252,1054,1229,0,none,0,unknown,none,coco:IMG_20250401_160557_jpg.rf.1pyUU5WnIrVAbC6aDKVw.jpg,0.000000,coco_glass,1,0
IMG_20250401_150248_jpg.rf.2tNzfmZo0wJMdxV7xnrd.jpg,467,289,1101,1230,1,small,1,unknown,water,coco:IMG_20250401_150248_jpg.rf.2tNzfmZo0wJMdxV7xnrd.jpg,0.240215,coco_glass,2,1
IMG_20250401_154845_jpg.rf.18wgVUV9nsuKFQmS2aFn.jpg,461,571,935,1262,0,none,0,unknown,none,coco:IMG_20250401_154845_jpg.rf.18wgVUV9nsuKFQmS2aFn.jpg,0.000000,coco_glass,1,0
IMG_20250401_150619_jpg.rf.3CGO4ACPcU9e4icrlpDv.jpg,452,608,1012,1287,1,medium,2,unknown,water,coco:IMG_20250401_150619_jpg.rf.3CGO4ACPcU9e4icrlpDv.jpg,0.265383,coco_glass,1,1
IMG_20250401_151829_jpg.rf.2XIiPWGevhYkS0P0qn1f.jpg,229,566,781,1240,1,medium,2,unknown,water,coco:IMG_20250401_151829_jpg.rf.2XIiPWGevhYkS0P0qn1f.jpg,0.447656,coco_glass,1,1
IMG_20250401_150640_jpg.rf.1gZa6cKBKQj6Qr7okiK3.jpg,495,582,1033,1228,1,medium,2,unknown,water,coco:IMG_20250401_150640_jpg.rf.1gZa6cKBKQj6Qr7okiK3.jpg,0.262408,coco_glass,1,1
IMG_20250401_163552_jpg.rf.0rvhTYikMcX1ROGSLAkl.jpg,589,502,1022,1146,1,medium,2,unknown,water,coco:IMG_20250401_163552_jpg.rf.0rvhTYikMcX1ROGSLAkl.jpg,0.599681,coco_glass,1,1
IMG_20250401_163312_jpg.rf.2optZFLezUFiVxKqnnU4.jpg,462,547,1004,1198,1,medium,2,unknown,water,coco:IMG_20250401_163312_jpg.rf.2optZFLezUFiVxKqnnU4.jpg,0.528879,coco_glass,1,1
IMG_20250401_163508_jpg.rf.3jHL38wcL8E3SZcbfEH3.jpg,555,570,1007,1251,1,medium,2,unknown,water,coco:IMG_20250401_163508_jpg.rf.3jHL38wcL8E3SZcbfEH3.jpg,0.295940,coco_glass,1,1
IMG_20250401_145535_jpg.rf.2FEK5uRq3KoNqpf0HQE2.jpg,656,436,1145,1149,1,medium,2,unknown,water,coco:IMG_20250401_145535_jpg.rf.2FEK5uRq3KoNqpf0HQE2.jpg,0.259811,coco_glass,2,1
IMG_20250401_150337_jpg.rf.3iPk3VkLD6XD73OGDX3g.jpg,445,479,1003,1296,1,medium,2,unknown,water,coco:IMG_20250401_150337_jpg.rf.3iPk3VkLD6XD73OGDX3g.jpg,0.303839,coco_glass,1,1
IMG_20250401_163019_jpg.rf.3OcmDkhkotPfAP3jNrV0.jpg,557,274,1105,1102,1,medium,2,unknown,water,coco:IMG_20250401_163019_jpg.rf.3OcmDkhkotPfAP3jNrV0.jpg,0.496441,coco_glass,1,1
IMG_20250401_151854_jpg.rf.1tFMlEZu0Ww2jg4qvmP8.jpg,438,512,982,1177,1,medium,2,unknown,water,coco:IMG_20250401_151854_jpg.rf.1tFMlEZu0Ww2jg4qvmP8.jpg,0.534875,coco_glass,1,1
