model,image_id,inference_time_ms
传统视觉二分类_SVM_XGBoost,coco_IMG_20250401_150634_jpg.rf.4wrRW10iXbIt6JRqz2Tr.jpg,31.939457985572517
传统视觉普通四分类_SVM_XGBoost,coco_IMG_20250401_150634_jpg.rf.4wrRW10iXbIt6JRqz2Tr.jpg,18.398708023596555
传统视觉有序四分类_SVM_XGBoost,coco_IMG_20250401_150634_jpg.rf.4wrRW10iXbIt6JRqz2Tr.jpg,18.94058397738263
传统视觉二分类_SVM_XGBoost,coco_IMG_20250401_163852_jpg.rf.3th8FJU0rkZw5tUScf7z.jpg,19.305416964925826
传统视觉普通四分类_SVM_XGBoost,coco_IMG_20250401_163852_jpg.rf.3th8FJU0rkZw5tUScf7z.jpg,18.61608395120129
传统视觉有序四分类_SVM_XGBoost,coco_IMG_20250401_163852_jpg.rf.3th8FJU0rkZw5tUScf7z.jpg,18.9820840023458
传统视觉二分类_SVM_XGBoost,coco_IMG_20250401_150802_jpg.rf.GFjZtmly60zNQoV6Kb4k.jpg,19.93212499655783
传统视觉普通四分类_SVM_XGBoost,coco_IMG_20250401_150802_jpg.rf.GFjZtmly60zNQoV6Kb4k.jpg,19.218667002860457
传统视觉有序四分类_SVM_XGBoost,coco_IMG_20250401_150802_jpg.rf.GFjZtmly60zNQoV6Kb4k.jpg,19.806416996289045
传统视觉二分类_SVM_XGBoost,coco_IMG_20250401_163632_jpg.rf.GjWNTIJRF7MInbxAQIUu.jpg,18.733125005383044
传统视觉普通四分类_SVM_XGBoost,coco_IMG_20250401_163632_jpg.rf.GjWNTIJRF7MInbxAQIUu.jpg,18.078291963320225
传统视觉有序四分类_SVM_XGBoost,coco_IMG_20250401_163632_jpg.rf.GjWNTIJRF7MInbxAQIUu.jpg,18.975207989569753
传统视觉二分类_SVM_XGBoost,coco_IMG_20250401_152506_jpg.rf.L4rczmb6hoRre7vVA4Ry.jpg,18.460749997757375
传统视觉普通四分类_SVM_XGBoost,coco_IMG_20250401_152506_jpg.rf.L4rczmb6hoRre7vVA4Ry.jpg,17.81816699076444
传统视觉有序四分类_SVM_XGBoost,coco_IMG_20250401_152506_jpg.rf.L4rczmb6hoRre7vVA4Ry.jpg,19.051416020374745
传统视觉二分类_SVM_XGBoost,coco_IMG_20250401_154912_jpg.rf.wspyHXQOhs0LU9sMteTp.jpg,19.48900002753362
传统视觉普通四分类_SVM_XGBoost,coco_IMG_20250401_154912_jpg.rf.wspyHXQOhs0LU9sMteTp.jpg,18.997082952409983
传统视觉有序四分类_SVM_XGBoost,coco_IMG_20250401_154912_jpg.rf.wspyHXQOhs0LU9sMteTp.jpg,19.463583012111485
传统视觉二分类_SVM_XGBoost,coco_IMG_20250401_155036_jpg.rf.LScDYXh3pQ1dMJoX9PcH.jpg,29.119417013134807
传统视觉普通四分类_SVM_XGBoost,coco_IMG_20250401_155036_jpg.rf.LScDYXh3pQ1dMJoX9PcH.jpg,20.077332970686257
传统视觉有序四分类_SVM_XGBoost,coco_IMG_20250401_155036_jpg.rf.LScDYXh3pQ1dMJoX9PcH.jpg,21.23654098249972
传统视觉二分类_SVM_XGBoost,coco_IMG_20250401_150112_jpg.rf.wjmVQyGAzuSvO76fKbzY.jpg,19.169500039424747
传统视觉普通四分类_SVM_XGBoost,coco_IMG_20250401_150112_jpg.rf.wjmVQyGAzuSvO76fKbzY.jpg,19.946917018387467
传统视觉有序四分类_SVM_XGBoost,coco_IMG_20250401_150112_jpg.rf.wjmVQyGAzuSvO76fKbzY.jpg,19.848000025376678
传统视觉二分类_SVM_XGBoost,coco_IMG_20250401_154958_jpg.rf.I1ljVgU1hPOEtP2GZ08a.jpg,17.80816598329693
传统视觉普通四分类_SVM_XGBoost,coco_IMG_20250401_154958_jpg.rf.I1ljVgU1hPOEtP2GZ08a.jpg,16.712958982679993
传统视觉有序四分类_SVM_XGBoost,coco_IMG_20250401_154958_jpg.rf.I1ljVgU1hPOEtP2GZ08a.jpg,17.744000011589378
传统视觉二分类_SVM_XGBoost,coco_IMG_20250401_150053_jpg.rf.VeQoA2UqqLLc2hxPdahl.jpg,18.567833001725376
传统视觉普通四分类_SVM_XGBoost,coco_IMG_20250401_150053_jpg.rf.VeQoA2UqqLLc2hxPdahl.jpg,18.232166999951005
传统视觉有序四分类_SVM_XGBoost,coco_IMG_20250401_150053_jpg.rf.VeQoA2UqqLLc2hxPdahl.jpg,19.198958994820714
传统视觉二分类_SVM_XGBoost,coco_IMG_20250401_152711_jpg.rf.WXDIb8AG3DojwH6eOsrE.jpg,18.01887498004362
传统视觉普通四分类_SVM_XGBoost,coco_IMG_20250401_152711_jpg.rf.WXDIb8AG3DojwH6eOsrE.jpg,16.89133304171264
传统视觉有序四分类_SVM_XGBoost,coco_IMG_20250401_152711_jpg.rf.WXDIb8AG3DojwH6eOsrE.jpg,17.55570899695158
传统视觉二分类_SVM_XGBoost,coco_IMG_20250401_163021_jpg.rf.xfbPCE7jUaXuhrteJz39.jpg,18.818291020579636
传统视觉普通四分类_SVM_XGBoost,coco_IMG_20250401_163021_jpg.rf.xfbPCE7jUaXuhrteJz39.jpg,17.956457973923534
传统视觉有序四分类_SVM_XGBoost,coco_IMG_20250401_163021_jpg.rf.xfbPCE7jUaXuhrteJz39.jpg,18.815500021446496
传统视觉二分类_SVM_XGBoost,coco_IMG_20250401_160441_jpg.rf.yu233eNzGI7IiQaA1W7H.jpg,18.876541987992823
传统视觉普通四分类_SVM_XGBoost,coco_IMG_20250401_160441_jpg.rf.yu233eNzGI7IiQaA1W7H.jpg,19.032166979741305
传统视觉有序四分类_SVM_XGBoost,coco_IMG_20250401_160441_jpg.rf.yu233eNzGI7IiQaA1W7H.jpg,18.948916986119002
传统视觉二分类_SVM_XGBoost,coco_IMG_20250401_155745_jpg.rf.CPNDtJBTZrrPApZZVnv2.jpg,19.580082967877388
传统视觉普通四分类_SVM_XGBoost,coco_IMG_20250401_155745_jpg.rf.CPNDtJBTZrrPApZZVnv2.jpg,17.826166993472725
传统视觉有序四分类_SVM_XGBoost,coco_IMG_20250401_155745_jpg.rf.CPNDtJBTZrrPApZZVnv2.jpg,18.706624978221953
传统视觉二分类_SVM_XGBoost,coco_IMG_20250401_160534_jpg.rf.VpZ2FRBF2ebJRi4G9Oqk.jpg,18.729415955021977
传统视觉普通四分类_SVM_XGBoost,coco_IMG_20250401_160534_jpg.rf.VpZ2FRBF2ebJRi4G9Oqk.jpg,18.032583000604063
传统视觉有序四分类_SVM_XGBoost,coco_IMG_20250401_160534_jpg.rf.VpZ2FRBF2ebJRi4G9Oqk.jpg,18.6964999884367
传统视觉二分类_SVM_XGBoost,coco_IMG_20250401_152106-2_jpg.rf.JbQnamRL5l9RTWYdbTbR.jpg,18.318417016416788
传统视觉普通四分类_SVM_XGBoost,coco_IMG_20250401_152106-2_jpg.rf.JbQnamRL5l9RTWYdbTbR.jpg,17.2597499913536
传统视觉有序四分类_SVM_XGBoost,coco_IMG_20250401_152106-2_jpg.rf.JbQnamRL5l9RTWYdbTbR.jpg,18.067542056087404
传统视觉二分类_SVM_XGBoost,coco_IMG_20250401_152417_jpg.rf.Dz54erFPSkSaXf5KnFkR.jpg,18.834874965250492
传统视觉普通四分类_SVM_XGBoost,coco_IMG_20250401_152417_jpg.rf.Dz54erFPSkSaXf5KnFkR.jpg,18.02049996331334
传统视觉有序四分类_SVM_XGBoost,coco_IMG_20250401_152417_jpg.rf.Dz54erFPSkSaXf5KnFkR.jpg,18.85179098462686
传统视觉二分类_SVM_XGBoost,coco_IMG_20250401_151529_jpg.rf.zgHdvpPjtZmeudDvg5cv.jpg,18.74591695377603
传统视觉普通四分类_SVM_XGBoost,coco_IMG_20250401_151529_jpg.rf.zgHdvpPjtZmeudDvg5cv.jpg,18.030166043899953
传统视觉有序四分类_SVM_XGBoost,coco_IMG_20250401_151529_jpg.rf.zgHdvpPjtZmeudDvg5cv.jpg,18.639374990016222
传统视觉二分类_SVM_XGBoost,coco_IMG_20250401_155707_jpg.rf.JuDoe5L5VGNrHTGlSfbv.jpg,17.64904201263562
传统视觉普通四分类_SVM_XGBoost,coco_IMG_20250401_155707_jpg.rf.JuDoe5L5VGNrHTGlSfbv.jpg,17.17195799574256
传统视觉有序四分类_SVM_XGBoost,coco_IMG_20250401_155707_jpg.rf.JuDoe5L5VGNrHTGlSfbv.jpg,18.15483398968354
传统视觉二分类_SVM_XGBoost,coco_IMG_20250401_163738_jpg.rf.Js71zVAekHLUQUH859To.jpg,17.792583035770804
传统视觉普通四分类_SVM_XGBoost,coco_IMG_20250401_163738_jpg.rf.Js71zVAekHLUQUH859To.jpg,18.615833017975092
传统视觉有序四分类_SVM_XGBoost,coco_IMG_20250401_163738_jpg.rf.Js71zVAekHLUQUH859To.jpg,18.068709003273398
传统视觉二分类_SVM_XGBoost,coco_IMG_20250401_155604_jpg.rf.IstvNJ2HnYiMWkqEHiod.jpg,18.88704195152968
传统视觉普通四分类_SVM_XGBoost,coco_IMG_20250401_155604_jpg.rf.IstvNJ2HnYiMWkqEHiod.jpg,18.689459015149623
传统视觉有序四分类_SVM_XGBoost,coco_IMG_20250401_155604_jpg.rf.IstvNJ2HnYiMWkqEHiod.jpg,20.207749970722944
传统视觉二分类_SVM_XGBoost,coco_IMG_20250401_155728_jpg.rf.bIXLcGdN2pXqG5sSDZzc.jpg,18.880957970395684
传统视觉普通四分类_SVM_XGBoost,coco_IMG_20250401_155728_jpg.rf.bIXLcGdN2pXqG5sSDZzc.jpg,18.362624978180975
传统视觉有序四分类_SVM_XGBoost,coco_IMG_20250401_155728_jpg.rf.bIXLcGdN2pXqG5sSDZzc.jpg,19.67129099648446
传统视觉二分类_SVM_XGBoost,coco_IMG_20250401_150110_jpg.rf.DMAye2vwmxK6wlIUbsuc.jpg,18.181958002969623
传统视觉普通四分类_SVM_XGBoost,coco_IMG_20250401_150110_jpg.rf.DMAye2vwmxK6wlIUbsuc.jpg,17.386833962518722
传统视觉有序四分类_SVM_XGBoost,coco_IMG_20250401_150110_jpg.rf.DMAye2vwmxK6wlIUbsuc.jpg,18.32599996123463
传统视觉二分类_SVM_XGBoost,coco_IMG_20250401_163417_jpg.rf.Etl1tIyE87jT9p6pFvfq.jpg,18.788082990795374
传统视觉普通四分类_SVM_XGBoost,coco_IMG_20250401_163417_jpg.rf.Etl1tIyE87jT9p6pFvfq.jpg,18.169958028011024
传统视觉有序四分类_SVM_XGBoost,coco_IMG_20250401_163417_jpg.rf.Etl1tIyE87jT9p6pFvfq.jpg,18.68312497390434
传统视觉二分类_SVM_XGBoost,coco_IMG_20250401_150730_jpg.rf.FLJs6tLrrNnnhyBbYk8A.jpg,18.262249999679625
传统视觉普通四分类_SVM_XGBoost,coco_IMG_20250401_150730_jpg.rf.FLJs6tLrrNnnhyBbYk8A.jpg,18.306541023775935
传统视觉有序四分类_SVM_XGBoost,coco_IMG_20250401_150730_jpg.rf.FLJs6tLrrNnnhyBbYk8A.jpg,20.0099169742316
传统视觉二分类_SVM_XGBoost,coco_IMG_20250401_163554_jpg.rf.ab6jbsJunaAidYpWxIA3.jpg,19.321875006426126
传统视觉普通四分类_SVM_XGBoost,coco_IMG_20250401_163554_jpg.rf.ab6jbsJunaAidYpWxIA3.jpg,19.056040968280286
传统视觉有序四分类_SVM_XGBoost,coco_IMG_20250401_163554_jpg.rf.ab6jbsJunaAidYpWxIA3.jpg,20.004416001029313
传统视觉二分类_SVM_XGBoost,coco_IMG_20250401_163917_jpg.rf.bPiACynU3CR8k7SFZszg.jpg,18.3917079702951
传统视觉普通四分类_SVM_XGBoost,coco_IMG_20250401_163917_jpg.rf.bPiACynU3CR8k7SFZszg.jpg,17.790791986044496
传统视觉有序四分类_SVM_XGBoost,coco_IMG_20250401_163917_jpg.rf.bPiACynU3CR8k7SFZszg.jpg,18.703790963627398
传统视觉二分类_SVM_XGBoost,coco_IMG_20250401_150735_jpg.rf.Cij8ESVOPmhtzaPpEXxh.jpg,20.27237502625212
传统视觉普通四分类_SVM_XGBoost,coco_IMG_20250401_150735_jpg.rf.Cij8ESVOPmhtzaPpEXxh.jpg,19.497084023896605
传统视觉有序四分类_SVM_XGBoost,coco_IMG_20250401_150735_jpg.rf.Cij8ESVOPmhtzaPpEXxh.jpg,20.45666699996218
传统视觉二分类_SVM_XGBoost,coco_IMG_20250401_163216_jpg.rf.ca0S9sZigNLpBOGgUHcf.jpg,19.061625003814697
传统视觉普通四分类_SVM_XGBoost,coco_IMG_20250401_163216_jpg.rf.ca0S9sZigNLpBOGgUHcf.jpg,18.567792023532093
传统视觉有序四分类_SVM_XGBoost,coco_IMG_20250401_163216_jpg.rf.ca0S9sZigNLpBOGgUHcf.jpg,18.218084005638957
传统视觉二分类_SVM_XGBoost,coco_IMG_20250401_160417_jpg.rf.hfJ4mKLDAFlnIYwzaqNO.jpg,18.176749988924712
传统视觉普通四分类_SVM_XGBoost,coco_IMG_20250401_160417_jpg.rf.hfJ4mKLDAFlnIYwzaqNO.jpg,17.452416999731213
传统视觉有序四分类_SVM_XGBoost,coco_IMG_20250401_160417_jpg.rf.hfJ4mKLDAFlnIYwzaqNO.jpg,18.46341701457277
传统视觉二分类_SVM_XGBoost,coco_IMG_20250401_150227_jpg.rf.876oYOvQlMHC5VMeX4fZ.jpg,18.474375014193356
传统视觉普通四分类_SVM_XGBoost,coco_IMG_20250401_150227_jpg.rf.876oYOvQlMHC5VMeX4fZ.jpg,17.78633304638788
传统视觉有序四分类_SVM_XGBoost,coco_IMG_20250401_150227_jpg.rf.876oYOvQlMHC5VMeX4fZ.jpg,18.10412498889491
传统视觉二分类_SVM_XGBoost,coco_IMG_20250401_163939_jpg.rf.rVFuz9tyVmYLV5hIf6W6.jpg,17.37512502586469
传统视觉普通四分类_SVM_XGBoost,coco_IMG_20250401_163939_jpg.rf.rVFuz9tyVmYLV5hIf6W6.jpg,16.660750028677285
传统视觉有序四分类_SVM_XGBoost,coco_IMG_20250401_163939_jpg.rf.rVFuz9tyVmYLV5hIf6W6.jpg,17.003375047352165
传统视觉二分类_SVM_XGBoost,coco_IMG_20250401_163704_jpg.rf.uQa0xkEgbcIJBVl8tmSk.jpg,17.40762504050508
传统视觉普通四分类_SVM_XGBoost,coco_IMG_20250401_163704_jpg.rf.uQa0xkEgbcIJBVl8tmSk.jpg,16.832459019497037
传统视觉有序四分类_SVM_XGBoost,coco_IMG_20250401_163704_jpg.rf.uQa0xkEgbcIJBVl8tmSk.jpg,17.498624976724386
传统视觉二分类_SVM_XGBoost,coco_IMG_20250401_150637_jpg.rf.uTrU8P2Mcak5EJpFiiFu.jpg,18.288500024937093
传统视觉普通四分类_SVM_XGBoost,coco_IMG_20250401_150637_jpg.rf.uTrU8P2Mcak5EJpFiiFu.jpg,17.48745801160112
传统视觉有序四分类_SVM_XGBoost,coco_IMG_20250401_150637_jpg.rf.uTrU8P2Mcak5EJpFiiFu.jpg,18.10595899587497
传统视觉二分类_SVM_XGBoost,coco_IMG_20250401_163649_jpg.rf.tUiQ46uG4TpOvd7H8ut6.jpg,17.822124995291233
传统视觉普通四分类_SVM_XGBoost,coco_IMG_20250401_163649_jpg.rf.tUiQ46uG4TpOvd7H8ut6.jpg,17.53974996972829
传统视觉有序四分类_SVM_XGBoost,coco_IMG_20250401_163649_jpg.rf.tUiQ46uG4TpOvd7H8ut6.jpg,18.029041995760053
传统视觉二分类_SVM_XGBoost,coco_IMG_20250401_151052_jpg.rf.wDyZgiYZublZtYIGWnxP.jpg,18.260292010381818
传统视觉普通四分类_SVM_XGBoost,coco_IMG_20250401_151052_jpg.rf.wDyZgiYZublZtYIGWnxP.jpg,17.302249965723604
传统视觉有序四分类_SVM_XGBoost,coco_IMG_20250401_151052_jpg.rf.wDyZgiYZublZtYIGWnxP.jpg,18.146833986975253
传统视觉二分类_SVM_XGBoost,coco_IMG_20250401_150759_jpg.rf.lAs0Q71OqlqLxu37yJI0.jpg,24.095250002574176
传统视觉普通四分类_SVM_XGBoost,coco_IMG_20250401_150759_jpg.rf.lAs0Q71OqlqLxu37yJI0.jpg,22.492333024274558
传统视觉有序四分类_SVM_XGBoost,coco_IMG_20250401_150759_jpg.rf.lAs0Q71OqlqLxu37yJI0.jpg,22.861459001433104
传统视觉二分类_SVM_XGBoost,coco_IMG_20250401_145634_jpg.rf.lifuGzQ3ywFNQJVH3ewG.jpg,17.483458970673382
传统视觉普通四分类_SVM_XGBoost,coco_IMG_20250401_145634_jpg.rf.lifuGzQ3ywFNQJVH3ewG.jpg,16.833415953442454
传统视觉有序四分类_SVM_XGBoost,coco_IMG_20250401_145634_jpg.rf.lifuGzQ3ywFNQJVH3ewG.jpg,17.29266601614654
传统视觉二分类_SVM_XGBoost,coco_IMG_20250401_150205_jpg.rf.nnsu4SDvD3up56xCMuvy.jpg,19.00824997574091
传统视觉普通四分类_SVM_XGBoost,coco_IMG_20250401_150205_jpg.rf.nnsu4SDvD3up56xCMuvy.jpg,18.42199999373406
传统视觉有序四分类_SVM_XGBoost,coco_IMG_20250401_150205_jpg.rf.nnsu4SDvD3up56xCMuvy.jpg,19.52491595875472
传统视觉二分类_SVM_XGBoost,coco_IMG_20250401_145641_jpg.rf.LZokaH2X3UZqJtbGYfQD.jpg,17.41083402885124
传统视觉普通四分类_SVM_XGBoost,coco_IMG_20250401_145641_jpg.rf.LZokaH2X3UZqJtbGYfQD.jpg,17.074999981559813
传统视觉有序四分类_SVM_XGBoost,coco_IMG_20250401_145641_jpg.rf.LZokaH2X3UZqJtbGYfQD.jpg,17.746166966389865
传统视觉二分类_SVM_XGBoost,coco_IMG_20250401_151625_jpg.rf.NWR9ZWHTV2i2Mivh1eyK.jpg,17.699291987810284
传统视觉普通四分类_SVM_XGBoost,coco_IMG_20250401_151625_jpg.rf.NWR9ZWHTV2i2Mivh1eyK.jpg,17.12466700701043
传统视觉有序四分类_SVM_XGBoost,coco_IMG_20250401_151625_jpg.rf.NWR9ZWHTV2i2Mivh1eyK.jpg,17.589166993275285
传统视觉二分类_SVM_XGBoost,coco_IMG_20250401_163251_jpg.rf.OBOkMt4Ak8JT0SiNlsVa.jpg,17.73154200054705
传统视觉普通四分类_SVM_XGBoost,coco_IMG_20250401_163251_jpg.rf.OBOkMt4Ak8JT0SiNlsVa.jpg,16.900249989703298
传统视觉有序四分类_SVM_XGBoost,coco_IMG_20250401_163251_jpg.rf.OBOkMt4Ak8JT0SiNlsVa.jpg,17.565542017109692
传统视觉二分类_SVM_XGBoost,coco_IMG_20250401_155606_jpg.rf.QvuINUf4Y7DYEiSQnREP.jpg,17.59591599693522
传统视觉普通四分类_SVM_XGBoost,coco_IMG_20250401_155606_jpg.rf.QvuINUf4Y7DYEiSQnREP.jpg,16.8597919982858
传统视觉有序四分类_SVM_XGBoost,coco_IMG_20250401_155606_jpg.rf.QvuINUf4Y7DYEiSQnREP.jpg,17.726999998558313
传统视觉二分类_SVM_XGBoost,coco_IMG_20250401_145709_jpg.rf.RtjIM9domBXLgY3aUvWC.jpg,17.4106250051409
传统视觉普通四分类_SVM_XGBoost,coco_IMG_20250401_145709_jpg.rf.RtjIM9domBXLgY3aUvWC.jpg,17.203332972712815
传统视觉有序四分类_SVM_XGBoost,coco_IMG_20250401_145709_jpg.rf.RtjIM9domBXLgY3aUvWC.jpg,18.190000031609088
传统视觉二分类_SVM_XGBoost,coco_IMG_20250401_151528_jpg.rf.SgN7WyO46Bp1zjvweeZL.jpg,19.43216600921005
传统视觉普通四分类_SVM_XGBoost,coco_IMG_20250401_151528_jpg.rf.SgN7WyO46Bp1zjvweeZL.jpg,19.126333005260676
传统视觉有序四分类_SVM_XGBoost,coco_IMG_20250401_151528_jpg.rf.SgN7WyO46Bp1zjvweeZL.jpg,21.579833992291242
传统视觉二分类_SVM_XGBoost,coco_IMG_20250401_152726_jpg.rf.T5bKVBg0HTBkVV1PysYf.jpg,28.35708303609863
传统视觉普通四分类_SVM_XGBoost,coco_IMG_20250401_152726_jpg.rf.T5bKVBg0HTBkVV1PysYf.jpg,24.822083010803908
传统视觉有序四分类_SVM_XGBoost,coco_IMG_20250401_152726_jpg.rf.T5bKVBg0HTBkVV1PysYf.jpg,31.17991704493761
传统视觉二分类_SVM_XGBoost,coco_IMG_20250401_154954_jpg.rf.S7r9Py9TNo69yWh5Mrch.jpg,26.335917005781084
传统视觉普通四分类_SVM_XGBoost,coco_IMG_20250401_154954_jpg.rf.S7r9Py9TNo69yWh5Mrch.jpg,22.966541000641882
传统视觉有序四分类_SVM_XGBoost,coco_IMG_20250401_154954_jpg.rf.S7r9Py9TNo69yWh5Mrch.jpg,22.80729095218703
传统视觉二分类_SVM_XGBoost,coco_IMG_20250401_155619_jpg.rf.2QAJLMBOhhEV6weUihKN.jpg,23.100332997273654
传统视觉普通四分类_SVM_XGBoost,coco_IMG_20250401_155619_jpg.rf.2QAJLMBOhhEV6weUihKN.jpg,24.10745801171288
传统视觉有序四分类_SVM_XGBoost,coco_IMG_20250401_155619_jpg.rf.2QAJLMBOhhEV6weUihKN.jpg,23.039375024382025
传统视觉二分类_SVM_XGBoost,coco_IMG_20250401_160557_jpg.rf.1pyUU5WnIrVAbC6aDKVw.jpg,24.358374997973442
传统视觉普通四分类_SVM_XGBoost,coco_IMG_20250401_160557_jpg.rf.1pyUU5WnIrVAbC6aDKVw.jpg,25.65475000301376
传统视觉有序四分类_SVM_XGBoost,coco_IMG_20250401_160557_jpg.rf.1pyUU5WnIrVAbC6aDKVw.jpg,25.543333031237125
传统视觉二分类_SVM_XGBoost,coco_IMG_20250401_151829_jpg.rf.2XIiPWGevhYkS0P0qn1f.jpg,23.23087496915832
传统视觉普通四分类_SVM_XGBoost,coco_IMG_20250401_151829_jpg.rf.2XIiPWGevhYkS0P0qn1f.jpg,22.428957978263497
传统视觉有序四分类_SVM_XGBoost,coco_IMG_20250401_151829_jpg.rf.2XIiPWGevhYkS0P0qn1f.jpg,21.421249955892563
传统视觉二分类_SVM_XGBoost,coco_IMG_20250401_150640_jpg.rf.1gZa6cKBKQj6Qr7okiK3.jpg,22.10862498031929
传统视觉普通四分类_SVM_XGBoost,coco_IMG_20250401_150640_jpg.rf.1gZa6cKBKQj6Qr7okiK3.jpg,23.525624943431467
传统视觉有序四分类_SVM_XGBoost,coco_IMG_20250401_150640_jpg.rf.1gZa6cKBKQj6Qr7okiK3.jpg,21.91608404973522
传统视觉二分类_SVM_XGBoost,coco_IMG_20250401_163508_jpg.rf.3jHL38wcL8E3SZcbfEH3.jpg,26.975416985806078
传统视觉普通四分类_SVM_XGBoost,coco_IMG_20250401_163508_jpg.rf.3jHL38wcL8E3SZcbfEH3.jpg,21.13820897648111
传统视觉有序四分类_SVM_XGBoost,coco_IMG_20250401_163508_jpg.rf.3jHL38wcL8E3SZcbfEH3.jpg,25.044333015102893
传统视觉二分类_SVM_XGBoost,weak_108-1086053_transparent-background-water-bottle-png-png-download.png,46.47029098123312
传统视觉普通四分类_SVM_XGBoost,weak_108-1086053_transparent-background-water-bottle-png-png-download.png,29.141624982003123
传统视觉有序四分类_SVM_XGBoost,weak_108-1086053_transparent-background-water-bottle-png-png-download.png,30.720874958205968
传统视觉二分类_SVM_XGBoost,weak_2008_0622SzentkirC3A1ly0110.JPG_24_11zon_1_11zon.jpeg,33.91320799710229
传统视觉普通四分类_SVM_XGBoost,weak_2008_0622SzentkirC3A1ly0110.JPG_24_11zon_1_11zon.jpeg,23.210750019643456
传统视觉有序四分类_SVM_XGBoost,weak_2008_0622SzentkirC3A1ly0110.JPG_24_11zon_1_11zon.jpeg,24.529833055566996
传统视觉二分类_SVM_XGBoost,weak_2016-2_37_11zon.jpeg,17.156999965664
传统视觉普通四分类_SVM_XGBoost,weak_2016-2_37_11zon.jpeg,18.691167002543807
传统视觉有序四分类_SVM_XGBoost,weak_2016-2_37_11zon.jpeg,19.432667002547532
传统视觉二分类_SVM_XGBoost,weak_204569_2-kinley-mineral-water_26_11zon.jpeg,18.821749952621758
传统视觉普通四分类_SVM_XGBoost,weak_204569_2-kinley-mineral-water_26_11zon.jpeg,18.93512497190386
传统视觉有序四分类_SVM_XGBoost,weak_204569_2-kinley-mineral-water_26_11zon.jpeg,19.569249998312443
传统视觉二分类_SVM_XGBoost,weak_242060-2_1-aquafina-packaged-drinking-water_44_11zon.jpeg,19.758749986067414
传统视觉普通四分类_SVM_XGBoost,weak_242060-2_1-aquafina-packaged-drinking-water_44_11zon.jpeg,19.078000041190535
传统视觉有序四分类_SVM_XGBoost,weak_242060-2_1-aquafina-packaged-drinking-water_44_11zon.jpeg,19.927708024624735
传统视觉二分类_SVM_XGBoost,weak_39-393639_empty-water-bottle-png-transparent-png.png,23.699834011495113
传统视觉普通四分类_SVM_XGBoost,weak_39-393639_empty-water-bottle-png-transparent-png.png,22.77670899638906
传统视觉有序四分类_SVM_XGBoost,weak_39-393639_empty-water-bottle-png-transparent-png.png,24.025916995014995
传统视觉二分类_SVM_XGBoost,weak_412087_1-bisleri-mineral-water_29_11zon.jpeg,19.737666007131338
传统视觉普通四分类_SVM_XGBoost,weak_412087_1-bisleri-mineral-water_29_11zon.jpeg,19.407749990932643
传统视觉有序四分类_SVM_XGBoost,weak_412087_1-bisleri-mineral-water_29_11zon.jpeg,17.329625028651208
传统视觉二分类_SVM_XGBoost,weak_412087_1-bisleri-mineral-water_47_11zon.jpeg,16.609499987680465
传统视觉普通四分类_SVM_XGBoost,weak_412087_1-bisleri-mineral-water_47_11zon.jpeg,15.995624999050051
传统视觉有序四分类_SVM_XGBoost,weak_412087_1-bisleri-mineral-water_47_11zon.jpeg,16.86333294492215
传统视觉二分类_SVM_XGBoost,weak_5233546650_83e1b54cbd_o_wide-8eedd32192c33d2396cfd48cfefdab7ea0066421-s1400-c100_37_11zon.jpeg,17.475124972406775
传统视觉普通四分类_SVM_XGBoost,weak_5233546650_83e1b54cbd_o_wide-8eedd32192c33d2396cfd48cfefdab7ea0066421-s1400-c100_37_11zon.jpeg,16.884375014342368
传统视觉有序四分类_SVM_XGBoost,weak_5233546650_83e1b54cbd_o_wide-8eedd32192c33d2396cfd48cfefdab7ea0066421-s1400-c100_37_11zon.jpeg,17.482333001680672
传统视觉二分类_SVM_XGBoost,weak_61RQJt9jcS._SY550_PIbundle-12TopRight00_SX367SY550SH20__6_11zon.jpeg,15.690458996687084
传统视觉普通四分类_SVM_XGBoost,weak_61RQJt9jcS._SY550_PIbundle-12TopRight00_SX367SY550SH20__6_11zon.jpeg,15.280583000276238
传统视觉有序四分类_SVM_XGBoost,weak_61RQJt9jcS._SY550_PIbundle-12TopRight00_SX367SY550SH20__6_11zon.jpeg,15.904417028650641
传统视觉二分类_SVM_XGBoost,weak_61WoM42xNuL._SL1500__7_11zon.jpeg,17.98041700385511
传统视觉普通四分类_SVM_XGBoost,weak_61WoM42xNuL._SL1500__7_11zon.jpeg,17.419375013560057
传统视觉有序四分类_SVM_XGBoost,weak_61WoM42xNuL._SL1500__7_11zon.jpeg,18.063832947518677
传统视觉二分类_SVM_XGBoost,weak_77597665-blank-bottle-with-white-label-for-design-uses-isolated-transparent-background_35_11zon.jpeg,17.062083003111184
传统视觉普通四分类_SVM_XGBoost,weak_77597665-blank-bottle-with-white-label-for-design-uses-isolated-transparent-background_35_11zon.jpeg,16.269125044345856
传统视觉有序四分类_SVM_XGBoost,weak_77597665-blank-bottle-with-white-label-for-design-uses-isolated-transparent-background_35_11zon.jpeg,17.389582993928343
传统视觉二分类_SVM_XGBoost,weak_aquafina-water_40_11zon.jpeg,17.272625002078712
传统视觉普通四分类_SVM_XGBoost,weak_aquafina-water_40_11zon.jpeg,16.704750014469028
传统视觉有序四分类_SVM_XGBoost,weak_aquafina-water_40_11zon.jpeg,17.286500020418316
传统视觉二分类_SVM_XGBoost,weak_b2a0f528baf4fb6e58d78973d3328d98_57_11zon.jpeg,16.976250044535846
传统视觉普通四分类_SVM_XGBoost,weak_b2a0f528baf4fb6e58d78973d3328d98_57_11zon.jpeg,16.863583005033433
传统视觉有序四分类_SVM_XGBoost,weak_b2a0f528baf4fb6e58d78973d3328d98_57_11zon.jpeg,17.417500028386712
传统视觉二分类_SVM_XGBoost,weak_benefits-of-drinking-from-glass-water-bottle-health_g_60_11zon.jpeg,18.18499999353662
传统视觉普通四分类_SVM_XGBoost,weak_benefits-of-drinking-from-glass-water-bottle-health_g_60_11zon.jpeg,17.509749974124134
传统视觉有序四分类_SVM_XGBoost,weak_benefits-of-drinking-from-glass-water-bottle-health_g_60_11zon.jpeg,18.359291017986834
传统视觉二分类_SVM_XGBoost,weak_Bisleri-_-1-ltr-1-1_65_11zon.jpeg,16.342708957381546
传统视觉普通四分类_SVM_XGBoost,weak_Bisleri-_-1-ltr-1-1_65_11zon.jpeg,15.761374961584806
传统视觉有序四分类_SVM_XGBoost,weak_Bisleri-_-1-ltr-1-1_65_11zon.jpeg,16.181166982278228
传统视觉二分类_SVM_XGBoost,weak_bisleri-mineral-water-06-01-21-4-219986630-to83b.png,16.619500005617738
传统视觉普通四分类_SVM_XGBoost,weak_bisleri-mineral-water-06-01-21-4-219986630-to83b.png,15.80462499987334
传统视觉有序四分类_SVM_XGBoost,weak_bisleri-mineral-water-06-01-21-4-219986630-to83b.png,16.4462499669753
传统视觉二分类_SVM_XGBoost,weak_bottled-water-bottle-plastic-grocery-store-1200x628-facebook_87_11zon.jpeg,16.657875035889447
传统视觉普通四分类_SVM_XGBoost,weak_bottled-water-bottle-plastic-grocery-store-1200x628-facebook_87_11zon.jpeg,16.1277920124121
传统视觉有序四分类_SVM_XGBoost,weak_bottled-water-bottle-plastic-grocery-store-1200x628-facebook_87_11zon.jpeg,16.925832955166698
传统视觉二分类_SVM_XGBoost,weak_brand-bisleri-spotlight-03_89_11zon.jpeg,16.98745897738263
传统视觉普通四分类_SVM_XGBoost,weak_brand-bisleri-spotlight-03_89_11zon.jpeg,16.444833017885685
传统视觉有序四分类_SVM_XGBoost,weak_brand-bisleri-spotlight-03_89_11zon.jpeg,16.835665970575064
传统视觉二分类_SVM_XGBoost,weak_d-image-plastic-water-bottle-blank-background-vector-illustration_1284-67608_64_11zon.jpeg,15.510833996813744
传统视觉普通四分类_SVM_XGBoost,weak_d-image-plastic-water-bottle-blank-background-vector-illustration_1284-67608_64_11zon.jpeg,15.043666993733495
传统视觉有序四分类_SVM_XGBoost,weak_d-image-plastic-water-bottle-blank-background-vector-illustration_1284-67608_64_11zon.jpeg,15.67491702735424
传统视觉二分类_SVM_XGBoost,weak_download (8)_92_11zon.jpeg,15.411292028147727
传统视觉普通四分类_SVM_XGBoost,weak_download (8)_92_11zon.jpeg,14.853957982268184
传统视觉有序四分类_SVM_XGBoost,weak_download (8)_92_11zon.jpeg,15.480374975595623
传统视觉二分类_SVM_XGBoost,weak_drinking-water-bottle-png-7.png,15.45020897174254
传统视觉普通四分类_SVM_XGBoost,weak_drinking-water-bottle-png-7.png,14.793167007155716
传统视觉有序四分类_SVM_XGBoost,weak_drinking-water-bottle-png-7.png,15.2581250295043
传统视觉二分类_SVM_XGBoost,weak_empty-clear-drinking-water-bottle-studio-shot-isolated-on-white-background-J7YDN2_66_11zon.jpeg,16.69679203769192
传统视觉普通四分类_SVM_XGBoost,weak_empty-clear-drinking-water-bottle-studio-shot-isolated-on-white-background-J7YDN2_66_11zon.jpeg,15.977750008460134
传统视觉有序四分类_SVM_XGBoost,weak_empty-clear-drinking-water-bottle-studio-shot-isolated-on-white-background-J7YDN2_66_11zon.jpeg,16.718083003070205
传统视觉二分类_SVM_XGBoost,weak_GettyImages-84588407-f290ded_104_11zon.jpeg,16.733874974306673
传统视觉普通四分类_SVM_XGBoost,weak_GettyImages-84588407-f290ded_104_11zon.jpeg,15.988208004273474
传统视觉有序四分类_SVM_XGBoost,weak_GettyImages-84588407-f290ded_104_11zon.jpeg,17.11995800724253
传统视觉二分类_SVM_XGBoost,weak_hd-hand-holding-water-plastic-bottle-png-31625532532xqlew4dnsf.png,17.261000000871718
传统视觉普通四分类_SVM_XGBoost,weak_hd-hand-holding-water-plastic-bottle-png-31625532532xqlew4dnsf.png,16.453125048428774
传统视觉有序四分类_SVM_XGBoost,weak_hd-hand-holding-water-plastic-bottle-png-31625532532xqlew4dnsf.png,17.122333054430783
传统视觉二分类_SVM_XGBoost,weak_images177_242_11zon.jpeg,16.760834027081728
传统视觉普通四分类_SVM_XGBoost,weak_images177_242_11zon.jpeg,16.186334018129855
传统视觉有序四分类_SVM_XGBoost,weak_images177_242_11zon.jpeg,16.87250001123175
传统视觉二分类_SVM_XGBoost,weak_images198_255_11zon.jpeg,16.29670796683058
传统视觉普通四分类_SVM_XGBoost,weak_images198_255_11zon.jpeg,15.586916997563094
传统视觉有序四分类_SVM_XGBoost,weak_images198_255_11zon.jpeg,16.611041966825724
传统视觉二分类_SVM_XGBoost,weak_images2_129_11zon.jpeg,16.42391597852111
传统视觉普通四分类_SVM_XGBoost,weak_images2_129_11zon.jpeg,15.932000009343028
传统视觉有序四分类_SVM_XGBoost,weak_images2_129_11zon.jpeg,16.446791007183492
传统视觉二分类_SVM_XGBoost,weak_images438_401_11zon.jpeg,16.494750045239925
传统视觉普通四分类_SVM_XGBoost,weak_images438_401_11zon.jpeg,15.56516595883295
传统视觉有序四分类_SVM_XGBoost,weak_images438_401_11zon.jpeg,16.53137500397861
传统视觉二分类_SVM_XGBoost,weak_images49_162_11zon.jpeg,16.383750014938414
传统视觉普通四分类_SVM_XGBoost,weak_images49_162_11zon.jpeg,15.588957990985364
传统视觉有序四分类_SVM_XGBoost,weak_images49_162_11zon.jpeg,16.715417033992708
传统视觉二分类_SVM_XGBoost,weak_images5_131_11zon.jpeg,16.190916998311877
传统视觉普通四分类_SVM_XGBoost,weak_images5_131_11zon.jpeg,15.616374963428825
传统视觉有序四分类_SVM_XGBoost,weak_images5_131_11zon.jpeg,16.251166991423815
传统视觉二分类_SVM_XGBoost,weak_images98_191_11zon.jpeg,16.145957983098924
传统视觉普通四分类_SVM_XGBoost,weak_images98_191_11zon.jpeg,15.64070797758177
传统视觉有序四分类_SVM_XGBoost,weak_images98_191_11zon.jpeg,16.529374988749623
传统视觉二分类_SVM_XGBoost,weak_Lapaas-Multicolour-Water-Bottle-Pack-SDL053428366-1-854e7.jpeg,16.97650004643947
传统视觉普通四分类_SVM_XGBoost,weak_Lapaas-Multicolour-Water-Bottle-Pack-SDL053428366-1-854e7.jpeg,16.55474997824058
传统视觉有序四分类_SVM_XGBoost,weak_Lapaas-Multicolour-Water-Bottle-Pack-SDL053428366-1-854e7.jpeg,17.02658401336521
传统视觉二分类_SVM_XGBoost,weak_Microplastics-found-in-Nestle-and-Danone-bottled-waters_488_11zon.jpeg,18.52129097096622
传统视觉普通四分类_SVM_XGBoost,weak_Microplastics-found-in-Nestle-and-Danone-bottled-waters_488_11zon.jpeg,17.649833986070007
传统视觉有序四分类_SVM_XGBoost,weak_Microplastics-found-in-Nestle-and-Danone-bottled-waters_488_11zon.jpeg,18.635792017448694
传统视觉二分类_SVM_XGBoost,weak_Numbers_Behind_Water_Bottles2_099693d4-be78-45e8-bc4c-007319ffe0ac_1024x1024_493_11zon.jpeg,16.857250011526048
传统视觉普通四分类_SVM_XGBoost,weak_Numbers_Behind_Water_Bottles2_099693d4-be78-45e8-bc4c-007319ffe0ac_1024x1024_493_11zon.jpeg,15.912041999399662
传统视觉有序四分类_SVM_XGBoost,weak_Numbers_Behind_Water_Bottles2_099693d4-be78-45e8-bc4c-007319ffe0ac_1024x1024_493_11zon.jpeg,16.740833991207182
传统视觉二分类_SVM_XGBoost,weak_our-brands-bisleri-bottle-new.png,16.528582957107574
传统视觉普通四分类_SVM_XGBoost,weak_our-brands-bisleri-bottle-new.png,16.19341701734811
传统视觉有序四分类_SVM_XGBoost,weak_our-brands-bisleri-bottle-new.png,16.88149996334687
传统视觉二分类_SVM_XGBoost,weak_pet-water-bottle-1516451477-3595902_501_11zon.jpeg,16.317499976139516
传统视觉普通四分类_SVM_XGBoost,weak_pet-water-bottle-1516451477-3595902_501_11zon.jpeg,15.63020795583725
传统视觉有序四分类_SVM_XGBoost,weak_pet-water-bottle-1516451477-3595902_501_11zon.jpeg,16.67091704439372
传统视觉二分类_SVM_XGBoost,weak_plastic-bottle-water-isolated-white-background_185193-89223_63_11zon.jpeg,15.582334017381072
传统视觉普通四分类_SVM_XGBoost,weak_plastic-bottle-water-isolated-white-background_185193-89223_63_11zon.jpeg,15.096667048055679
传统视觉有序四分类_SVM_XGBoost,weak_plastic-bottle-water-isolated-white-background_185193-89223_63_11zon.jpeg,15.782958013005555
传统视觉二分类_SVM_XGBoost,weak_prod-20220126-1301495440442809749765815-jpg-500x500_505_11zon.jpeg,16.761917038820684
传统视觉普通四分类_SVM_XGBoost,weak_prod-20220126-1301495440442809749765815-jpg-500x500_505_11zon.jpeg,16.044749994762242
传统视觉有序四分类_SVM_XGBoost,weak_prod-20220126-1301495440442809749765815-jpg-500x500_505_11zon.jpeg,16.506207990460098
传统视觉二分类_SVM_XGBoost,weak_ration-banner-small-drinking-plastic-bottle-water-with-splash-dr_134830-1308_91_11zon.jpeg,16.060583002399653
传统视觉普通四分类_SVM_XGBoost,weak_ration-banner-small-drinking-plastic-bottle-water-with-splash-dr_134830-1308_91_11zon.jpeg,15.55025001289323
传统视觉有序四分类_SVM_XGBoost,weak_ration-banner-small-drinking-plastic-bottle-water-with-splash-dr_134830-1308_91_11zon.jpeg,16.310500039253384
传统视觉二分类_SVM_XGBoost,weak_saaral-mineral-drinking-water-packed-in-small-sized-plastic-bottles-792_93_11zon.jpeg,16.446500027086586
传统视觉普通四分类_SVM_XGBoost,weak_saaral-mineral-drinking-water-packed-in-small-sized-plastic-bottles-792_93_11zon.jpeg,18.210249952971935
传统视觉有序四分类_SVM_XGBoost,weak_saaral-mineral-drinking-water-packed-in-small-sized-plastic-bottles-792_93_11zon.jpeg,19.18729196768254
传统视觉二分类_SVM_XGBoost,weak_speed-water-bottle-1-liter-390-w300_98_11zon_12_11zon.jpeg,17.198208021000028
传统视觉普通四分类_SVM_XGBoost,weak_speed-water-bottle-1-liter-390-w300_98_11zon_12_11zon.jpeg,16.90020802197978
传统视觉有序四分类_SVM_XGBoost,weak_speed-water-bottle-1-liter-390-w300_98_11zon_12_11zon.jpeg,17.238292028196156
传统视觉二分类_SVM_XGBoost,weak_ttle-on-white-background-for-mockup-design-front-view-without-cap-1688250748_107_11zon.jpeg,18.082333030179143
传统视觉普通四分类_SVM_XGBoost,weak_ttle-on-white-background-for-mockup-design-front-view-without-cap-1688250748_107_11zon.jpeg,16.91583398496732
传统视觉有序四分类_SVM_XGBoost,weak_ttle-on-white-background-for-mockup-design-front-view-without-cap-1688250748_107_11zon.jpeg,17.49966701027006
传统视觉二分类_SVM_XGBoost,weak_Water-Bottle-Labels-2_528_11zon.jpeg,16.346791991963983
传统视觉普通四分类_SVM_XGBoost,weak_Water-Bottle-Labels-2_528_11zon.jpeg,15.707541024312377
传统视觉有序四分类_SVM_XGBoost,weak_Water-Bottle-Labels-2_528_11zon.jpeg,16.47808402776718
传统视觉二分类_SVM_XGBoost,weak_water-bottle-png-image-5a3ac0b696f010.0505177815137998626183_110_11zon.jpeg,16.754208016209304
传统视觉普通四分类_SVM_XGBoost,weak_water-bottle-png-image-5a3ac0b696f010.0505177815137998626183_110_11zon.jpeg,15.94366697827354
传统视觉有序四分类_SVM_XGBoost,weak_water-bottle-png-image-5a3ac0b696f010.0505177815137998626183_110_11zon.jpeg,16.562333039473742
传统视觉二分类_SVM_XGBoost,weak_water_bottle_PNG98961.png,21.26174996374175
传统视觉普通四分类_SVM_XGBoost,weak_water_bottle_PNG98961.png,18.91129103023559
传统视觉有序四分类_SVM_XGBoost,weak_water_bottle_PNG98961.png,19.88358300877735
传统视觉二分类_SVM_XGBoost,weak_WhatsApp Image 2022-12-11 at 10.39.33 PM (1).jpeg,16.37899997876957
传统视觉普通四分类_SVM_XGBoost,weak_WhatsApp Image 2022-12-11 at 10.39.33 PM (1).jpeg,16.248917032498866
传统视觉有序四分类_SVM_XGBoost,weak_WhatsApp Image 2022-12-11 at 10.39.33 PM (1).jpeg,16.907709010411054
传统视觉二分类_SVM_XGBoost,weak_1571450-the-bottle-is-half-full-beverage-drinking-water-photocase-stock-photo-large.jpeg,18.412417033687234
传统视觉普通四分类_SVM_XGBoost,weak_1571450-the-bottle-is-half-full-beverage-drinking-water-photocase-stock-photo-large.jpeg,17.595958022866398
传统视觉有序四分类_SVM_XGBoost,weak_1571450-the-bottle-is-half-full-beverage-drinking-water-photocase-stock-photo-large.jpeg,18.5939579969272
传统视觉二分类_SVM_XGBoost,weak_220px-Botella_de_plC3A1stico_-_PET_4_11zon_2_11zon.jpeg,17.92033400852233
传统视觉普通四分类_SVM_XGBoost,weak_220px-Botella_de_plC3A1stico_-_PET_4_11zon_2_11zon.jpeg,17.42783299414441
传统视觉有序四分类_SVM_XGBoost,weak_220px-Botella_de_plC3A1stico_-_PET_4_11zon_2_11zon.jpeg,18.000875017605722
传统视觉二分类_SVM_XGBoost,weak_360_F_1554527_gNGV7ex4kYfcwkMAP1h0g0gHOqA7IL_5_11zon.jpeg,17.240333021618426
传统视觉普通四分类_SVM_XGBoost,weak_360_F_1554527_gNGV7ex4kYfcwkMAP1h0g0gHOqA7IL_5_11zon.jpeg,16.443915956187993
传统视觉有序四分类_SVM_XGBoost,weak_360_F_1554527_gNGV7ex4kYfcwkMAP1h0g0gHOqA7IL_5_11zon.jpeg,17.108083004131913
传统视觉二分类_SVM_XGBoost,weak_360_F_293053226_hVuUD2LNvldnoNb0BuqF8cBMQBMXIh4q_4_11zon.jpeg,17.257832980249077
传统视觉普通四分类_SVM_XGBoost,weak_360_F_293053226_hVuUD2LNvldnoNb0BuqF8cBMQBMXIh4q_4_11zon.jpeg,16.833874979056418
传统视觉有序四分类_SVM_XGBoost,weak_360_F_293053226_hVuUD2LNvldnoNb0BuqF8cBMQBMXIh4q_4_11zon.jpeg,17.77308399323374
传统视觉二分类_SVM_XGBoost,weak_4222298_9_11zon.jpeg,18.518708006013185
传统视觉普通四分类_SVM_XGBoost,weak_4222298_9_11zon.jpeg,17.78575003845617
传统视觉有序四分类_SVM_XGBoost,weak_4222298_9_11zon.jpeg,18.383999995421618
传统视觉二分类_SVM_XGBoost,weak_630-leak-proof-stayle-sipper-bottle-l-transparent-water-bottle-original-imagfzz5kcaxykhd.jpeg,17.636000004131347
传统视觉普通四分类_SVM_XGBoost,weak_630-leak-proof-stayle-sipper-bottle-l-transparent-water-bottle-original-imagfzz5kcaxykhd.jpeg,16.90691598923877
传统视觉有序四分类_SVM_XGBoost,weak_630-leak-proof-stayle-sipper-bottle-l-transparent-water-bottle-original-imagfzz5kcaxykhd.jpeg,18.503750034142286
传统视觉二分类_SVM_XGBoost,weak_8945097761_5982ca312f_b_16_11zon.jpeg,20.67537500988692
传统视觉普通四分类_SVM_XGBoost,weak_8945097761_5982ca312f_b_16_11zon.jpeg,19.551958015654236
传统视觉有序四分类_SVM_XGBoost,weak_8945097761_5982ca312f_b_16_11zon.jpeg,20.18712501740083
传统视觉二分类_SVM_XGBoost,weak_bottle-half-filled-water-blue-169564825_30_11zon.jpeg,25.13541595544666
传统视觉普通四分类_SVM_XGBoost,weak_bottle-half-filled-water-blue-169564825_30_11zon.jpeg,22.847749991342425
传统视觉有序四分类_SVM_XGBoost,weak_bottle-half-filled-water-blue-169564825_30_11zon.jpeg,23.962249979376793
传统视觉二分类_SVM_XGBoost,weak_bottled20water_3_11zon.jpeg,22.64604199444875
传统视觉普通四分类_SVM_XGBoost,weak_bottled20water_3_11zon.jpeg,21.130750013981014
传统视觉有序四分类_SVM_XGBoost,weak_bottled20water_3_11zon.jpeg,21.924874978139997
传统视觉二分类_SVM_XGBoost,weak_f-full-water-white-background-large-plastic-bottle-half-full-water-254636074_26_11zon.jpeg,17.7579169976525
传统视觉普通四分类_SVM_XGBoost,weak_f-full-water-white-background-large-plastic-bottle-half-full-water-254636074_26_11zon.jpeg,17.293291981332004
传统视觉有序四分类_SVM_XGBoost,weak_f-full-water-white-background-large-plastic-bottle-half-full-water-254636074_26_11zon.jpeg,17.932541959453374
传统视觉二分类_SVM_XGBoost,weak_glass-of-water-transparent-background-11_30_11zon.jpeg,18.477459030691534
传统视觉普通四分类_SVM_XGBoost,weak_glass-of-water-transparent-background-11_30_11zon.jpeg,17.715999973006546
传统视觉有序四分类_SVM_XGBoost,weak_glass-of-water-transparent-background-11_30_11zon.jpeg,18.523207982070744
传统视觉二分类_SVM_XGBoost,weak_half-empty-plastic-mineral-water-bottle-on-a-green-lawn-BREMD2_32_11zon.jpeg,19.682375015690923
传统视觉普通四分类_SVM_XGBoost,weak_half-empty-plastic-mineral-water-bottle-on-a-green-lawn-BREMD2_32_11zon.jpeg,18.746084009762853
传统视觉有序四分类_SVM_XGBoost,weak_half-empty-plastic-mineral-water-bottle-on-a-green-lawn-BREMD2_32_11zon.jpeg,19.795167027041316
传统视觉二分类_SVM_XGBoost,weak_half-full-water-bottle-with-white-cap-on-a-metal-table-and-white-background-2GGG910_37_11zon.jpeg,18.26354203512892
传统视觉普通四分类_SVM_XGBoost,weak_half-full-water-bottle-with-white-cap-on-a-metal-table-and-white-background-2GGG910_37_11zon.jpeg,17.706084006931633
传统视觉有序四分类_SVM_XGBoost,weak_half-full-water-bottle-with-white-cap-on-a-metal-table-and-white-background-2GGG910_37_11zon.jpeg,18.513582996092737
传统视觉二分类_SVM_XGBoost,weak_halfemptyhalffull.png,17.71924999775365
传统视觉普通四分类_SVM_XGBoost,weak_halfemptyhalffull.png,17.036583041772246
传统视觉有序四分类_SVM_XGBoost,weak_halfemptyhalffull.png,17.68525002989918
传统视觉二分类_SVM_XGBoost,weak_images139_6_11zon.jpeg,18.162375024985522
传统视觉普通四分类_SVM_XGBoost,weak_images139_6_11zon.jpeg,16.769583977293223
传统视觉有序四分类_SVM_XGBoost,weak_images139_6_11zon.jpeg,17.09041598951444
传统视觉二分类_SVM_XGBoost,weak_images68_55_11zon.jpeg,16.911500017158687
传统视觉普通四分类_SVM_XGBoost,weak_images68_55_11zon.jpeg,16.46558300126344
传统视觉有序四分类_SVM_XGBoost,weak_images68_55_11zon.jpeg,16.910333011765033
传统视觉二分类_SVM_XGBoost,weak_IMG-20221215-WA0005_12_11zon.jpeg,17.068165994714946
传统视觉普通四分类_SVM_XGBoost,weak_IMG-20221215-WA0005_12_11zon.jpeg,15.96633403096348
传统视觉有序四分类_SVM_XGBoost,weak_IMG-20221215-WA0005_12_11zon.jpeg,17.13962497888133
传统视觉二分类_SVM_XGBoost,weak_IMG20221210152447_16_11zon.jpeg,27.09191699977964
传统视觉普通四分类_SVM_XGBoost,weak_IMG20221210152447_16_11zon.jpeg,23.742666991893202
传统视觉有序四分类_SVM_XGBoost,weak_IMG20221210152447_16_11zon.jpeg,24.508416012395173
传统视觉二分类_SVM_XGBoost,weak_IMG20221226183446_32_11zon.jpeg,32.29358303360641
传统视觉普通四分类_SVM_XGBoost,weak_IMG20221226183446_32_11zon.jpeg,26.262625004164875
传统视觉有序四分类_SVM_XGBoost,weak_IMG20221226183446_32_11zon.jpeg,27.104292006697506
传统视觉二分类_SVM_XGBoost,weak_IMG_9470.JPG_55_11zon.jpeg,21.097999997437
传统视觉普通四分类_SVM_XGBoost,weak_IMG_9470.JPG_55_11zon.jpeg,20.137166953645647
传统视觉有序四分类_SVM_XGBoost,weak_IMG_9470.JPG_55_11zon.jpeg,20.889999985229224
传统视觉二分类_SVM_XGBoost,weak_plastic-bottle-water-half-full-reflective-surface-107565079_62_11zon.jpeg,16.570332983974367
传统视觉普通四分类_SVM_XGBoost,weak_plastic-bottle-water-half-full-reflective-surface-107565079_62_11zon.jpeg,15.891916991677135
传统视觉有序四分类_SVM_XGBoost,weak_plastic-bottle-water-half-full-reflective-surface-107565079_62_11zon.jpeg,16.641833004541695
传统视觉二分类_SVM_XGBoost,weak_plastic-open-bottle-mineral-water-half-full-isolated-white-159766340_58_11zon.jpeg,16.25808299286291
传统视觉普通四分类_SVM_XGBoost,weak_plastic-open-bottle-mineral-water-half-full-isolated-white-159766340_58_11zon.jpeg,15.625957981683314
传统视觉有序四分类_SVM_XGBoost,weak_plastic-open-bottle-mineral-water-half-full-isolated-white-159766340_58_11zon.jpeg,16.423624998424202
传统视觉二分类_SVM_XGBoost,weak_unnamed (6)_39_11zon.jpeg,16.197499993722886
传统视觉普通四分类_SVM_XGBoost,weak_unnamed (6)_39_11zon.jpeg,15.70820901542902
传统视觉有序四分类_SVM_XGBoost,weak_unnamed (6)_39_11zon.jpeg,16.631083039101213
传统视觉二分类_SVM_XGBoost,weak_images (4)_11_11zon.jpeg,15.13825001893565
传统视觉普通四分类_SVM_XGBoost,weak_images (4)_11_11zon.jpeg,14.781875011976808
传统视觉有序四分类_SVM_XGBoost,weak_images (4)_11_11zon.jpeg,14.93204099824652
传统视觉二分类_SVM_XGBoost,weak_images_14_11zon.jpeg,16.484083025716245
传统视觉普通四分类_SVM_XGBoost,weak_images_14_11zon.jpeg,15.777082997374237
传统视觉有序四分类_SVM_XGBoost,weak_images_14_11zon.jpeg,16.390917007811368
传统视觉二分类_SVM_XGBoost,weak_unnamed (19)_12_11zon.jpeg,16.708833049051464
传统视觉普通四分类_SVM_XGBoost,weak_unnamed (19)_12_11zon.jpeg,16.15158299682662
传统视觉有序四分类_SVM_XGBoost,weak_unnamed (19)_12_11zon.jpeg,16.57824998255819
传统视觉二分类_SVM_XGBoost,newtrashy_none_0002_IMG20231017093111_jpg.rf.5abed91d9ddc3fbf9c1f88b8068109c6.jpg,17.296333971899003
传统视觉普通四分类_SVM_XGBoost,newtrashy_none_0002_IMG20231017093111_jpg.rf.5abed91d9ddc3fbf9c1f88b8068109c6.jpg,16.808082989882678
传统视觉有序四分类_SVM_XGBoost,newtrashy_none_0002_IMG20231017093111_jpg.rf.5abed91d9ddc3fbf9c1f88b8068109c6.jpg,17.376290983520448
传统视觉二分类_SVM_XGBoost,newtrashy_none_0003_20231129_062911_jpg.rf.2164a6b9684f69656ba6cc57bac6772e.jpg,17.478165973443538
传统视觉普通四分类_SVM_XGBoost,newtrashy_none_0003_20231129_062911_jpg.rf.2164a6b9684f69656ba6cc57bac6772e.jpg,16.605540993623435
传统视觉有序四分类_SVM_XGBoost,newtrashy_none_0003_20231129_062911_jpg.rf.2164a6b9684f69656ba6cc57bac6772e.jpg,17.48770900303498
传统视觉二分类_SVM_XGBoost,newtrashy_none_0019_20231129_061942_jpg.rf.673cb02b7bc6de0f2c21b93d54ceb191.jpg,16.707333037629724
传统视觉普通四分类_SVM_XGBoost,newtrashy_none_0019_20231129_061942_jpg.rf.673cb02b7bc6de0f2c21b93d54ceb191.jpg,16.136999998707324
传统视觉有序四分类_SVM_XGBoost,newtrashy_none_0019_20231129_061942_jpg.rf.673cb02b7bc6de0f2c21b93d54ceb191.jpg,16.96283300407231
传统视觉二分类_SVM_XGBoost,newtrashy_none_0023_test63_jpg.rf.5f396729f3ee4eea17f9e6327fb1fe4b.jpg,17.11766596417874
传统视觉普通四分类_SVM_XGBoost,newtrashy_none_0023_test63_jpg.rf.5f396729f3ee4eea17f9e6327fb1fe4b.jpg,16.56466699205339
传统视觉有序四分类_SVM_XGBoost,newtrashy_none_0023_test63_jpg.rf.5f396729f3ee4eea17f9e6327fb1fe4b.jpg,17.119000025559217
传统视觉二分类_SVM_XGBoost,newtrashy_none_0037_test3_jpg.rf.6283a761b952199408cdb58add4d5a15.jpg,16.82579197222367
传统视觉普通四分类_SVM_XGBoost,newtrashy_none_0037_test3_jpg.rf.6283a761b952199408cdb58add4d5a15.jpg,16.095041995868087
传统视觉有序四分类_SVM_XGBoost,newtrashy_none_0037_test3_jpg.rf.6283a761b952199408cdb58add4d5a15.jpg,16.90920803230256
传统视觉二分类_SVM_XGBoost,newtrashy_none_0053_IMG20231022103457_jpg.rf.738bd9ecfcffe95f8b8ab7934e4fffdf.jpg,17.157207999844104
传统视觉普通四分类_SVM_XGBoost,newtrashy_none_0053_IMG20231022103457_jpg.rf.738bd9ecfcffe95f8b8ab7934e4fffdf.jpg,16.460917016956955
传统视觉有序四分类_SVM_XGBoost,newtrashy_none_0053_IMG20231022103457_jpg.rf.738bd9ecfcffe95f8b8ab7934e4fffdf.jpg,17.16095895972103
传统视觉二分类_SVM_XGBoost,newtrashy_none_0055_IMG20231024130545_jpg.rf.1c89d6cbe30515359d8d6a1e2a7b95c3.jpg,17.09254103479907
传统视觉普通四分类_SVM_XGBoost,newtrashy_none_0055_IMG20231024130545_jpg.rf.1c89d6cbe30515359d8d6a1e2a7b95c3.jpg,16.33279101224616
传统视觉有序四分类_SVM_XGBoost,newtrashy_none_0055_IMG20231024130545_jpg.rf.1c89d6cbe30515359d8d6a1e2a7b95c3.jpg,17.050374997779727
传统视觉二分类_SVM_XGBoost,newtrashy_none_0062_IMG20231016224729_jpg.rf.d8aeb4e1e5bdd87e0350aff4ba45595e.jpg,16.95158303482458
传统视觉普通四分类_SVM_XGBoost,newtrashy_none_0062_IMG20231016224729_jpg.rf.d8aeb4e1e5bdd87e0350aff4ba45595e.jpg,16.51562500046566
传统视觉有序四分类_SVM_XGBoost,newtrashy_none_0062_IMG20231016224729_jpg.rf.d8aeb4e1e5bdd87e0350aff4ba45595e.jpg,17.0179579872638
传统视觉二分类_SVM_XGBoost,newtrashy_none_0067_IMG20231024131950_jpg.rf.bb0bd6073392f87eac914fbd4f20e583.jpg,17.6307910005562
传统视觉普通四分类_SVM_XGBoost,newtrashy_none_0067_IMG20231024131950_jpg.rf.bb0bd6073392f87eac914fbd4f20e583.jpg,16.71920798253268
传统视觉有序四分类_SVM_XGBoost,newtrashy_none_0067_IMG20231024131950_jpg.rf.bb0bd6073392f87eac914fbd4f20e583.jpg,17.371917027048767
传统视觉二分类_SVM_XGBoost,newtrashy_none_0070_IMG20231017220403_jpg.rf.b33c28c796259135d5a956e775f5a6c6.jpg,17.22166599938646
传统视觉普通四分类_SVM_XGBoost,newtrashy_none_0070_IMG20231017220403_jpg.rf.b33c28c796259135d5a956e775f5a6c6.jpg,16.856333008036017
传统视觉有序四分类_SVM_XGBoost,newtrashy_none_0070_IMG20231017220403_jpg.rf.b33c28c796259135d5a956e775f5a6c6.jpg,17.371708003338426
传统视觉二分类_SVM_XGBoost,newtrashy_none_0083_test24_jpg.rf.3856799928e571b30599e96fed4eb2b6.jpg,17.38858298631385
传统视觉普通四分类_SVM_XGBoost,newtrashy_none_0083_test24_jpg.rf.3856799928e571b30599e96fed4eb2b6.jpg,16.60966599592939
传统视觉有序四分类_SVM_XGBoost,newtrashy_none_0083_test24_jpg.rf.3856799928e571b30599e96fed4eb2b6.jpg,17.237291031051427
传统视觉二分类_SVM_XGBoost,newtrashy_none_0088_IMG20231022104108_jpg.rf.b442e93dab9a8ac76b27f1cdcc0eb60a.jpg,17.538542044349015
传统视觉普通四分类_SVM_XGBoost,newtrashy_none_0088_IMG20231022104108_jpg.rf.b442e93dab9a8ac76b27f1cdcc0eb60a.jpg,16.71158301178366
传统视觉有序四分类_SVM_XGBoost,newtrashy_none_0088_IMG20231022104108_jpg.rf.b442e93dab9a8ac76b27f1cdcc0eb60a.jpg,17.180167022161186
传统视觉二分类_SVM_XGBoost,newtrashy_none_0092_IMG20231022103220_jpg.rf.d468ab66dc4f930e84db8848cb9628c9.jpg,17.15008303290233
传统视觉普通四分类_SVM_XGBoost,newtrashy_none_0092_IMG20231022103220_jpg.rf.d468ab66dc4f930e84db8848cb9628c9.jpg,16.69045799644664
传统视觉有序四分类_SVM_XGBoost,newtrashy_none_0092_IMG20231022103220_jpg.rf.d468ab66dc4f930e84db8848cb9628c9.jpg,17.45587500045076
传统视觉二分类_SVM_XGBoost,newtrashy_none_0094_test110_jpg.rf.913b913cf3a678342eb82f5df7843206.jpg,16.758125042542815
传统视觉普通四分类_SVM_XGBoost,newtrashy_none_0094_test110_jpg.rf.913b913cf3a678342eb82f5df7843206.jpg,16.351666999980807
传统视觉有序四分类_SVM_XGBoost,newtrashy_none_0094_test110_jpg.rf.913b913cf3a678342eb82f5df7843206.jpg,16.715750040020794
传统视觉二分类_SVM_XGBoost,newtrashy_none_0101_bottledWater1_jpg.rf.67737cf11fff3f898bcfc526573977a4.jpg,16.571582993492484
传统视觉普通四分类_SVM_XGBoost,newtrashy_none_0101_bottledWater1_jpg.rf.67737cf11fff3f898bcfc526573977a4.jpg,15.90816699899733
传统视觉有序四分类_SVM_XGBoost,newtrashy_none_0101_bottledWater1_jpg.rf.67737cf11fff3f898bcfc526573977a4.jpg,16.544166021049023
传统视觉二分类_SVM_XGBoost,newtrashy_none_0119_20231129_061942_jpg.rf.5f5c1ec32a2ebacdbd44a8f830644222.jpg,16.9141250080429
传统视觉普通四分类_SVM_XGBoost,newtrashy_none_0119_20231129_061942_jpg.rf.5f5c1ec32a2ebacdbd44a8f830644222.jpg,16.28841698402539
传统视觉有序四分类_SVM_XGBoost,newtrashy_none_0119_20231129_061942_jpg.rf.5f5c1ec32a2ebacdbd44a8f830644222.jpg,16.941374982707202
传统视觉二分类_SVM_XGBoost,newtrashy_none_0120_IMG20231022114112_jpg.rf.0a77652f9eb5caee0f65d4c53d8bb763.jpg,17.075833049602807
传统视觉普通四分类_SVM_XGBoost,newtrashy_none_0120_IMG20231022114112_jpg.rf.0a77652f9eb5caee0f65d4c53d8bb763.jpg,16.344667004887015
传统视觉有序四分类_SVM_XGBoost,newtrashy_none_0120_IMG20231022114112_jpg.rf.0a77652f9eb5caee0f65d4c53d8bb763.jpg,17.28883304167539
传统视觉二分类_SVM_XGBoost,newtrashy_none_0121_IMG20231024131001_jpg.rf.bb3a4284cbd47f43e98d7ef098279c0c.jpg,17.497874971013516
传统视觉普通四分类_SVM_XGBoost,newtrashy_none_0121_IMG20231024131001_jpg.rf.bb3a4284cbd47f43e98d7ef098279c0c.jpg,16.656125022564083
传统视觉有序四分类_SVM_XGBoost,newtrashy_none_0121_IMG20231024131001_jpg.rf.bb3a4284cbd47f43e98d7ef098279c0c.jpg,17.157207999844104
传统视觉二分类_SVM_XGBoost,newtrashy_none_0122_test79_jpg.rf.353b7eedba98b13c0974602040eec8b4.jpg,16.884749988093972
传统视觉普通四分类_SVM_XGBoost,newtrashy_none_0122_test79_jpg.rf.353b7eedba98b13c0974602040eec8b4.jpg,16.209791996516287
传统视觉有序四分类_SVM_XGBoost,newtrashy_none_0122_test79_jpg.rf.353b7eedba98b13c0974602040eec8b4.jpg,16.7904170230031
传统视觉二分类_SVM_XGBoost,newtrashy_none_0133_IMG20231024125346_jpg.rf.999e8b123a87bb75ad92cd324ef53153.jpg,17.26466597756371
传统视觉普通四分类_SVM_XGBoost,newtrashy_none_0133_IMG20231024125346_jpg.rf.999e8b123a87bb75ad92cd324ef53153.jpg,16.521584009751678
传统视觉有序四分类_SVM_XGBoost,newtrashy_none_0133_IMG20231024125346_jpg.rf.999e8b123a87bb75ad92cd324ef53153.jpg,17.363833030685782
传统视觉二分类_SVM_XGBoost,newtrashy_none_0144_IMG_20231027_234653_jpg.rf.965f277c9127871ffad1743111a228ff.jpg,17.528042022604495
传统视觉普通四分类_SVM_XGBoost,newtrashy_none_0144_IMG_20231027_234653_jpg.rf.965f277c9127871ffad1743111a228ff.jpg,16.62729203235358
传统视觉有序四分类_SVM_XGBoost,newtrashy_none_0144_IMG_20231027_234653_jpg.rf.965f277c9127871ffad1743111a228ff.jpg,17.388291016686708
传统视觉二分类_SVM_XGBoost,newtrashy_none_0148_IMG20231017092111_jpg.rf.1224a7de63dfba0a77f69fa134aad496.jpg,17.147791979368776
传统视觉普通四分类_SVM_XGBoost,newtrashy_none_0148_IMG20231017092111_jpg.rf.1224a7de63dfba0a77f69fa134aad496.jpg,16.51345903519541
传统视觉有序四分类_SVM_XGBoost,newtrashy_none_0148_IMG20231017092111_jpg.rf.1224a7de63dfba0a77f69fa134aad496.jpg,17.497749999165535
传统视觉二分类_SVM_XGBoost,data_data_0032_微信图片_20260512161457_201_26.jpg,17.815333034377545
传统视觉普通四分类_SVM_XGBoost,data_data_0032_微信图片_20260512161457_201_26.jpg,16.960667038802058
传统视觉有序四分类_SVM_XGBoost,data_data_0032_微信图片_20260512161457_201_26.jpg,17.38370902603492
传统视觉二分类_SVM_XGBoost,data_data_0043_微信图片_20260512161506_212_26.jpg,17.7319580106996
传统视觉普通四分类_SVM_XGBoost,data_data_0043_微信图片_20260512161506_212_26.jpg,16.874333028681576
传统视觉有序四分类_SVM_XGBoost,data_data_0043_微信图片_20260512161506_212_26.jpg,17.324875050690025
传统视觉二分类_SVM_XGBoost,data_data_0056_微信图片_20260512161517_225_26.jpg,17.798167013097554
传统视觉普通四分类_SVM_XGBoost,data_data_0056_微信图片_20260512161517_225_26.jpg,16.879624978173524
传统视觉有序四分类_SVM_XGBoost,data_data_0056_微信图片_20260512161517_225_26.jpg,17.344749998301268
传统视觉二分类_SVM_XGBoost,data_data_0061_微信图片_20260512161522_230_26.jpg,18.67033401504159
传统视觉普通四分类_SVM_XGBoost,data_data_0061_微信图片_20260512161522_230_26.jpg,17.508917022496462
传统视觉有序四分类_SVM_XGBoost,data_data_0061_微信图片_20260512161522_230_26.jpg,17.98191701527685
传统视觉二分类_SVM_XGBoost,data_data_0068_微信图片_20260512161530_237_26.jpg,19.255459017585963
传统视觉普通四分类_SVM_XGBoost,data_data_0068_微信图片_20260512161530_237_26.jpg,18.391041026916355
传统视觉有序四分类_SVM_XGBoost,data_data_0068_微信图片_20260512161530_237_26.jpg,19.017708022147417
传统视觉二分类_SVM_XGBoost,data_data_0073_微信图片_20260512161536_242_26.jpg,21.135832997970283
传统视觉普通四分类_SVM_XGBoost,data_data_0073_微信图片_20260512161536_242_26.jpg,20.173833006992936
传统视觉有序四分类_SVM_XGBoost,data_data_0073_微信图片_20260512161536_242_26.jpg,20.490625000093132
传统视觉二分类_SVM_XGBoost,data_data_0074_微信图片_20260512161537_243_26.jpg,21.049874951131642
传统视觉普通四分类_SVM_XGBoost,data_data_0074_微信图片_20260512161537_243_26.jpg,19.781375012826174
传统视觉有序四分类_SVM_XGBoost,data_data_0074_微信图片_20260512161537_243_26.jpg,27.923541027121246
传统视觉二分类_SVM_XGBoost,data_data_0079_微信图片_20260512161541_248_26.jpg,21.217625006102026
传统视觉普通四分类_SVM_XGBoost,data_data_0079_微信图片_20260512161541_248_26.jpg,18.442375003360212
传统视觉有序四分类_SVM_XGBoost,data_data_0079_微信图片_20260512161541_248_26.jpg,19.081040984019637
传统视觉二分类_SVM_XGBoost,data_data_0091_微信图片_20260512161555_260_26.jpg,20.360875001642853
传统视觉普通四分类_SVM_XGBoost,data_data_0091_微信图片_20260512161555_260_26.jpg,19.056000048294663
传统视觉有序四分类_SVM_XGBoost,data_data_0091_微信图片_20260512161555_260_26.jpg,19.629792019259185
传统视觉二分类_SVM_XGBoost,data_data_0092_微信图片_20260512161556_261_26.jpg,18.907208985183388
传统视觉普通四分类_SVM_XGBoost,data_data_0092_微信图片_20260512161556_261_26.jpg,18.052375002298504
传统视觉有序四分类_SVM_XGBoost,data_data_0092_微信图片_20260512161556_261_26.jpg,18.968749966006726
传统视觉二分类_SVM_XGBoost,data_data_0105_微信图片_20260512161612_278_26.jpg,19.304667017422616
传统视觉普通四分类_SVM_XGBoost,data_data_0105_微信图片_20260512161612_278_26.jpg,18.249291053507477
传统视觉有序四分类_SVM_XGBoost,data_data_0105_微信图片_20260512161612_278_26.jpg,18.7720840331167
传统视觉二分类_SVM_XGBoost,data_data_0106_微信图片_20260512161613_279_26.jpg,19.106665975414217
传统视觉普通四分类_SVM_XGBoost,data_data_0106_微信图片_20260512161613_279_26.jpg,18.148292030673474
传统视觉有序四分类_SVM_XGBoost,data_data_0106_微信图片_20260512161613_279_26.jpg,18.584791978355497
传统视觉二分类_SVM_XGBoost,database_0020_image_0521.jpg,16.553208988625556
传统视觉普通四分类_SVM_XGBoost,database_0020_image_0521.jpg,16.032291983719915
传统视觉有序四分类_SVM_XGBoost,database_0020_image_0521.jpg,16.570915991906077
传统视觉二分类_SVM_XGBoost,database_0021_image_0522.jpg,16.856125032063574
传统视觉普通四分类_SVM_XGBoost,database_0021_image_0522.jpg,16.06562500819564
传统视觉有序四分类_SVM_XGBoost,database_0021_image_0522.jpg,16.768749977927655
传统视觉二分类_SVM_XGBoost,database_0022_image_0523.jpg,17.591374984476715
传统视觉普通四分类_SVM_XGBoost,database_0022_image_0523.jpg,16.888041980564594
传统视觉有序四分类_SVM_XGBoost,database_0022_image_0523.jpg,17.81212497735396
传统视觉二分类_SVM_XGBoost,database_0027_image_0528.jpg,17.22633303143084
传统视觉普通四分类_SVM_XGBoost,database_0027_image_0528.jpg,16.116624989081174
传统视觉有序四分类_SVM_XGBoost,database_0027_image_0528.jpg,16.362624999601394
传统视觉二分类_SVM_XGBoost,database_0038_image_0542.jpg,16.882791998796165
传统视觉普通四分类_SVM_XGBoost,database_0038_image_0542.jpg,16.085666953586042
传统视觉有序四分类_SVM_XGBoost,database_0038_image_0542.jpg,16.728750022593886
传统视觉二分类_SVM_XGBoost,database_0040_image_0544.jpg,16.31983299739659
传统视觉普通四分类_SVM_XGBoost,database_0040_image_0544.jpg,15.921708953101188
传统视觉有序四分类_SVM_XGBoost,database_0040_image_0544.jpg,16.485749976709485
传统视觉二分类_SVM_XGBoost,database_0047_image_0552.jpg,16.880457988008857
传统视觉普通四分类_SVM_XGBoost,database_0047_image_0552.jpg,24.214458011556417
传统视觉有序四分类_SVM_XGBoost,database_0047_image_0552.jpg,17.32087502023205
传统视觉二分类_SVM_XGBoost,database_0049_image_0554.jpg,16.759791993536055
传统视觉普通四分类_SVM_XGBoost,database_0049_image_0554.jpg,15.876540972385556
传统视觉有序四分类_SVM_XGBoost,database_0049_image_0554.jpg,16.89274999080226
传统视觉二分类_SVM_XGBoost,database_0057_image_0562.jpg,17.706667014863342
传统视觉普通四分类_SVM_XGBoost,database_0057_image_0562.jpg,16.75387501018122
传统视觉有序四分类_SVM_XGBoost,database_0057_image_0562.jpg,17.208750010468066
传统视觉二分类_SVM_XGBoost,database_0060_image_0565.jpg,16.168083995580673
传统视觉普通四分类_SVM_XGBoost,database_0060_image_0565.jpg,15.568666975013912
传统视觉有序四分类_SVM_XGBoost,database_0060_image_0565.jpg,16.524125006981194
传统视觉二分类_SVM_XGBoost,database_0066_image_0571.jpg,16.282500000670552
传统视觉普通四分类_SVM_XGBoost,database_0066_image_0571.jpg,16.0792920505628
传统视觉有序四分类_SVM_XGBoost,database_0066_image_0571.jpg,16.701416054274887
传统视觉二分类_SVM_XGBoost,database_0068_image_0573.jpg,16.44087501335889
传统视觉普通四分类_SVM_XGBoost,database_0068_image_0573.jpg,15.927874948829412
传统视觉有序四分类_SVM_XGBoost,database_0068_image_0573.jpg,16.474541975185275
传统视觉二分类_SVM_XGBoost,database_0069_image_0574.jpg,16.54970902018249
传统视觉普通四分类_SVM_XGBoost,database_0069_image_0574.jpg,16.172625008039176
传统视觉有序四分类_SVM_XGBoost,database_0069_image_0574.jpg,16.838416981045157
传统视觉二分类_SVM_XGBoost,database_0078_image_0583.jpg,17.48354104347527
传统视觉普通四分类_SVM_XGBoost,database_0078_image_0583.jpg,16.73304196447134
传统视觉有序四分类_SVM_XGBoost,database_0078_image_0583.jpg,17.19620800577104
传统视觉二分类_SVM_XGBoost,database_0079_image_0584.jpg,16.539666976314038
传统视觉普通四分类_SVM_XGBoost,database_0079_image_0584.jpg,15.782458009198308
传统视觉有序四分类_SVM_XGBoost,database_0079_image_0584.jpg,16.741667001042515
传统视觉二分类_SVM_XGBoost,database_0086_image_0592.jpg,16.985874972306192
传统视觉普通四分类_SVM_XGBoost,database_0086_image_0592.jpg,16.349625017028302
传统视觉有序四分类_SVM_XGBoost,database_0086_image_0592.jpg,16.889291000552475
传统视觉二分类_SVM_XGBoost,database_0103_image_0609.jpg,26.07720799278468
传统视觉普通四分类_SVM_XGBoost,database_0103_image_0609.jpg,23.48054200410843
传统视觉有序四分类_SVM_XGBoost,database_0103_image_0609.jpg,23.93654198385775
传统视觉二分类_SVM_XGBoost,database_0111_image_0617.jpg,29.621666006278247
传统视觉普通四分类_SVM_XGBoost,database_0111_image_0617.jpg,26.01041703019291
传统视觉有序四分类_SVM_XGBoost,database_0111_image_0617.jpg,27.178042044397444
传统视觉二分类_SVM_XGBoost,database_0137_image_0643.jpg,16.164165979716927
传统视觉普通四分类_SVM_XGBoost,database_0137_image_0643.jpg,15.76833298895508
传统视觉有序四分类_SVM_XGBoost,database_0137_image_0643.jpg,16.325832984875888
传统视觉二分类_SVM_XGBoost,database_0138_image_0644.jpg,16.651834012009203
传统视觉普通四分类_SVM_XGBoost,database_0138_image_0644.jpg,15.973332978319377
传统视觉有序四分类_SVM_XGBoost,database_0138_image_0644.jpg,17.334625008516014
传统视觉二分类_SVM_XGBoost,database_0150_image_0659.jpg,18.940916983410716
传统视觉普通四分类_SVM_XGBoost,database_0150_image_0659.jpg,17.389791959431022
传统视觉有序四分类_SVM_XGBoost,database_0150_image_0659.jpg,18.071125028654933
传统视觉二分类_SVM_XGBoost,database_0159_image_0668.jpg,18.755416967906058
传统视觉普通四分类_SVM_XGBoost,database_0159_image_0668.jpg,17.72075000917539
传统视觉有序四分类_SVM_XGBoost,database_0159_image_0668.jpg,18.534415983594954
传统视觉二分类_SVM_XGBoost,database_0162_image_0671.jpg,18.505874963011593
传统视觉普通四分类_SVM_XGBoost,database_0162_image_0671.jpg,17.739332979544997
传统视觉有序四分类_SVM_XGBoost,database_0162_image_0671.jpg,18.061166047118604
传统视觉二分类_SVM_XGBoost,database_0167_image_0677.jpg,19.157333008479327
传统视觉普通四分类_SVM_XGBoost,database_0167_image_0677.jpg,18.2527499855496
传统视觉有序四分类_SVM_XGBoost,database_0167_image_0677.jpg,18.741459003649652
传统视觉二分类_SVM_XGBoost,database_0181_image_0692.jpg,19.16591596091166
传统视觉普通四分类_SVM_XGBoost,database_0181_image_0692.jpg,18.208291963674128
传统视觉有序四分类_SVM_XGBoost,database_0181_image_0692.jpg,18.98333296412602
传统视觉二分类_SVM_XGBoost,database_0187_image_0698.jpg,19.83375003328547
传统视觉普通四分类_SVM_XGBoost,database_0187_image_0698.jpg,18.537624971941113
传统视觉有序四分类_SVM_XGBoost,database_0187_image_0698.jpg,19.286374968942255
传统视觉二分类_SVM_XGBoost,database_0198_image_0714.jpg,19.02499998686835
传统视觉普通四分类_SVM_XGBoost,database_0198_image_0714.jpg,17.983875004574656
传统视觉有序四分类_SVM_XGBoost,database_0198_image_0714.jpg,18.94787501078099
传统视觉二分类_SVM_XGBoost,database_0201_image_0717.jpg,19.361416983883828
传统视觉普通四分类_SVM_XGBoost,database_0201_image_0717.jpg,18.469917005859315
传统视觉有序四分类_SVM_XGBoost,database_0201_image_0717.jpg,17.801874957513064
传统视觉二分类_SVM_XGBoost,database_0202_image_0718.jpg,17.506291973404586
传统视觉普通四分类_SVM_XGBoost,database_0202_image_0718.jpg,16.90920803230256
传统视觉有序四分类_SVM_XGBoost,database_0202_image_0718.jpg,17.397458024788648
传统视觉二分类_SVM_XGBoost,database_0208_image_0724.jpg,16.38049999019131
传统视觉普通四分类_SVM_XGBoost,database_0208_image_0724.jpg,15.132582979276776
传统视觉有序四分类_SVM_XGBoost,database_0208_image_0724.jpg,16.241791017819196
传统视觉二分类_SVM_XGBoost,database_0228_image_0751.jpg,17.240083019714803
传统视觉普通四分类_SVM_XGBoost,database_0228_image_0751.jpg,16.23904099687934
传统视觉有序四分类_SVM_XGBoost,database_0228_image_0751.jpg,16.791249974630773
传统视觉二分类_SVM_XGBoost,database_0229_image_0752.jpg,17.01800001319498
传统视觉普通四分类_SVM_XGBoost,database_0229_image_0752.jpg,16.493375005666167
传统视觉有序四分类_SVM_XGBoost,database_0229_image_0752.jpg,17.00237503973767
传统视觉二分类_SVM_XGBoost,database_0231_image_0754.jpg,17.225332965608686
传统视觉普通四分类_SVM_XGBoost,database_0231_image_0754.jpg,16.275374975521117
传统视觉有序四分类_SVM_XGBoost,database_0231_image_0754.jpg,16.932374972384423
传统视觉二分类_SVM_XGBoost,database_0232_image_0755.jpg,17.220749985426664
传统视觉普通四分类_SVM_XGBoost,database_0232_image_0755.jpg,16.671458957716823
传统视觉有序四分类_SVM_XGBoost,database_0232_image_0755.jpg,17.192083003465086
传统视觉二分类_SVM_XGBoost,database_0243_image_0766.jpg,16.365292016416788
传统视觉普通四分类_SVM_XGBoost,database_0243_image_0766.jpg,15.657417010515928
传统视觉有序四分类_SVM_XGBoost,database_0243_image_0766.jpg,16.171416034922004
传统视觉二分类_SVM_XGBoost,database_0255_image_0778.jpg,17.72808301029727
传统视觉普通四分类_SVM_XGBoost,database_0255_image_0778.jpg,16.96304202778265
传统视觉有序四分类_SVM_XGBoost,database_0255_image_0778.jpg,17.36741600325331
传统视觉二分类_SVM_XGBoost,database_0260_image_0786.jpg,16.809541964903474
传统视觉普通四分类_SVM_XGBoost,database_0260_image_0786.jpg,16.067542019300163
传统视觉有序四分类_SVM_XGBoost,database_0260_image_0786.jpg,16.687041032128036
传统视觉二分类_SVM_XGBoost,database_0275_image_0801.jpg,16.445124987512827
传统视觉普通四分类_SVM_XGBoost,database_0275_image_0801.jpg,15.619250014424324
传统视觉有序四分类_SVM_XGBoost,database_0275_image_0801.jpg,16.23925002058968
传统视觉二分类_SVM_XGBoost,database_0278_image_0804.jpg,16.35487499879673
传统视觉普通四分类_SVM_XGBoost,database_0278_image_0804.jpg,15.64220798900351
传统视觉有序四分类_SVM_XGBoost,database_0278_image_0804.jpg,16.54562499606982
传统视觉二分类_SVM_XGBoost,database_0285_image_0811.jpg,16.681166016496718
传统视觉普通四分类_SVM_XGBoost,database_0285_image_0811.jpg,15.895665972493589
传统视觉有序四分类_SVM_XGBoost,database_0285_image_0811.jpg,16.65645797038451
传统视觉二分类_SVM_XGBoost,database_0290_image_0816.jpg,16.657625033985823
传统视觉普通四分类_SVM_XGBoost,database_0290_image_0816.jpg,15.76445798855275
传统视觉有序四分类_SVM_XGBoost,database_0290_image_0816.jpg,16.33224997203797
传统视觉二分类_SVM_XGBoost,database_0294_image_0820.jpg,16.430290997959673
传统视觉普通四分类_SVM_XGBoost,database_0294_image_0820.jpg,15.974999987520278
传统视觉有序四分类_SVM_XGBoost,database_0294_image_0820.jpg,16.754332988057286
传统视觉二分类_SVM_XGBoost,database_0299_image_0825.jpg,16.26575004775077
传统视觉普通四分类_SVM_XGBoost,database_0299_image_0825.jpg,15.702333010267466
传统视觉有序四分类_SVM_XGBoost,database_0299_image_0825.jpg,16.484333958942443
传统视觉二分类_SVM_XGBoost,database_0304_image_0830.jpg,16.546582977753133
传统视觉普通四分类_SVM_XGBoost,database_0304_image_0830.jpg,15.709375031292439
传统视觉有序四分类_SVM_XGBoost,database_0304_image_0830.jpg,16.471375012770295
传统视觉二分类_SVM_XGBoost,database_0308_image_0834.jpg,17.180791008286178
传统视觉普通四分类_SVM_XGBoost,database_0308_image_0834.jpg,16.15487498929724
传统视觉有序四分类_SVM_XGBoost,database_0308_image_0834.jpg,16.785292013082653
传统视觉二分类_SVM_XGBoost,database_0318_image_0844.jpg,17.12537498679012
传统视觉普通四分类_SVM_XGBoost,database_0318_image_0844.jpg,16.40454202424735
传统视觉有序四分类_SVM_XGBoost,database_0318_image_0844.jpg,16.782291990239173
传统视觉二分类_SVM_XGBoost,database_0324_image_0850.jpg,16.269000014290214
传统视觉普通四分类_SVM_XGBoost,database_0324_image_0850.jpg,15.643374994397163
传统视觉有序四分类_SVM_XGBoost,database_0324_image_0850.jpg,16.32204098859802
传统视觉二分类_SVM_XGBoost,database_0336_image_0862.jpg,16.183750005438924
传统视觉普通四分类_SVM_XGBoost,database_0336_image_0862.jpg,15.509959019254893
传统视觉有序四分类_SVM_XGBoost,database_0336_image_0862.jpg,16.21058298042044
传统视觉二分类_SVM_XGBoost,database_0339_image_0865.jpg,16.497583012096584
传统视觉普通四分类_SVM_XGBoost,database_0339_image_0865.jpg,15.806500043254346
传统视觉有序四分类_SVM_XGBoost,database_0339_image_0865.jpg,16.35770796565339
传统视觉二分类_SVM_XGBoost,database_0341_image_0867.jpg,17.21870800247416
传统视觉普通四分类_SVM_XGBoost,database_0341_image_0867.jpg,16.188290959689766
传统视觉有序四分类_SVM_XGBoost,database_0341_image_0867.jpg,16.834667010698467
传统视觉二分类_SVM_XGBoost,database_0347_image_0873.jpg,16.57149998936802
传统视觉普通四分类_SVM_XGBoost,database_0347_image_0873.jpg,15.627500019036233
传统视觉有序四分类_SVM_XGBoost,database_0347_image_0873.jpg,16.451416013296694
传统视觉二分类_SVM_XGBoost,database_0349_image_0875.jpg,17.086500010918826
传统视觉普通四分类_SVM_XGBoost,database_0349_image_0875.jpg,16.617500048596412
传统视觉有序四分类_SVM_XGBoost,database_0349_image_0875.jpg,16.87604101607576
传统视觉二分类_SVM_XGBoost,database_0354_image_0880.jpg,15.956167015247047
传统视觉普通四分类_SVM_XGBoost,database_0354_image_0880.jpg,15.193125000223517
传统视觉有序四分类_SVM_XGBoost,database_0354_image_0880.jpg,16.12525002565235
传统视觉二分类_SVM_XGBoost,database_0357_image_0883.jpg,16.67937496677041
传统视觉普通四分类_SVM_XGBoost,database_0357_image_0883.jpg,16.17354102199897
传统视觉有序四分类_SVM_XGBoost,database_0357_image_0883.jpg,16.59933297196403
传统视觉二分类_SVM_XGBoost,database_0368_image_0894.jpg,16.465499997138977
传统视觉普通四分类_SVM_XGBoost,database_0368_image_0894.jpg,15.947167004924268
传统视觉有序四分类_SVM_XGBoost,database_0368_image_0894.jpg,16.375457984395325
传统视觉二分类_SVM_XGBoost,database_0394_image_0920.jpg,16.536957991775125
传统视觉普通四分类_SVM_XGBoost,database_0394_image_0920.jpg,15.945207967888564
传统视觉有序四分类_SVM_XGBoost,database_0394_image_0920.jpg,16.69887499883771
传统视觉二分类_SVM_XGBoost,database_0395_image_0921.jpg,16.420166997704655
传统视觉普通四分类_SVM_XGBoost,database_0395_image_0921.jpg,16.106540977489203
传统视觉有序四分类_SVM_XGBoost,database_0395_image_0921.jpg,16.610416991170496
传统视觉二分类_SVM_XGBoost,database_0401_image_0927.jpg,16.815542010590434
传统视觉普通四分类_SVM_XGBoost,database_0401_image_0927.jpg,16.100957989692688
传统视觉有序四分类_SVM_XGBoost,database_0401_image_0927.jpg,16.70591696165502
