image_id,true_binary,pred_binary_traditional,prob_liquid_traditional,binary_correct,true_level,pred_level_traditional,level_prob_none,level_prob_small,level_prob_medium,level_prob_large,level_correct,pred_level_ordinal,ordinal_prob_none,ordinal_prob_small,ordinal_prob_medium,ordinal_prob_large,ordinal_correct,pose,scene,source
coco_IMG_20250401_150634_jpg.rf.4wrRW10iXbIt6JRqz2Tr.jpg,有液体,有液体,0.94177634,True,中等,中等,0.10451057,0.23133394,0.49529982,0.16885564,True,中等,0.04084828,0.41576168,0.43144485,0.111945264,True,unknown,coco,coco:coco:IMG_20250401_150634_jpg.rf.4wrRW10iXbIt6JRqz2Tr.jpg
coco_IMG_20250401_163852_jpg.rf.3th8FJU0rkZw5tUScf7z.jpg,有液体,有液体,0.95164335,True,中等,中等,0.04654048,0.18736252,0.72395056,0.04214635,True,中等,0.019393746,0.16649234,0.7904632,0.023650678,True,unknown,coco,coco:coco:IMG_20250401_163852_jpg.rf.3th8FJU0rkZw5tUScf7z.jpg
coco_IMG_20250401_150802_jpg.rf.GFjZtmly60zNQoV6Kb4k.jpg,有液体,有液体,0.913605,True,中等,中等,0.076675154,0.35929516,0.5251033,0.038926408,True,少量,0.039523326,0.57766974,0.36484692,0.017959997,False,unknown,coco,coco:coco:IMG_20250401_150802_jpg.rf.GFjZtmly60zNQoV6Kb4k.jpg
coco_IMG_20250401_163632_jpg.rf.GjWNTIJRF7MInbxAQIUu.jpg,无液体,有液体,0.5014048,False,无,无,0.43441236,0.34808168,0.17484348,0.04266247,True,无,0.433932,0.3928248,0.11455313,0.058690127,True,unknown,coco,coco:coco:IMG_20250401_163632_jpg.rf.GjWNTIJRF7MInbxAQIUu.jpg
coco_IMG_20250401_152506_jpg.rf.L4rczmb6hoRre7vVA4Ry.jpg,有液体,有液体,0.9869204,True,中等,中等,0.011732684,0.11150937,0.78679,0.08996792,True,中等,0.008970485,0.03734261,0.83499545,0.118691415,True,unknown,coco,coco:coco:IMG_20250401_152506_jpg.rf.L4rczmb6hoRre7vVA4Ry.jpg
coco_IMG_20250401_154912_jpg.rf.wspyHXQOhs0LU9sMteTp.jpg,有液体,有液体,0.5871214,True,少量,无,0.4119211,0.21882671,0.25711337,0.112138815,False,少量,0.100417115,0.5521943,0.2909507,0.05643786,True,unknown,coco,coco:coco:IMG_20250401_154912_jpg.rf.wspyHXQOhs0LU9sMteTp.jpg
coco_IMG_20250401_155036_jpg.rf.LScDYXh3pQ1dMJoX9PcH.jpg,无液体,无液体,0.3235346,True,无,无,0.6434419,0.29829353,0.0237588,0.03450567,True,无,0.62853366,0.32695073,0.015618092,0.02889755,True,unknown,coco,coco:coco:IMG_20250401_155036_jpg.rf.LScDYXh3pQ1dMJoX9PcH.jpg
coco_IMG_20250401_150112_jpg.rf.wjmVQyGAzuSvO76fKbzY.jpg,有液体,有液体,0.7113155,True,中等,中等,0.16706449,0.20752592,0.5586593,0.066750355,True,少量,0.1238213,0.6566865,0.15355483,0.06593732,False,unknown,coco,coco:coco:IMG_20250401_150112_jpg.rf.wjmVQyGAzuSvO76fKbzY.jpg
coco_IMG_20250401_154958_jpg.rf.I1ljVgU1hPOEtP2GZ08a.jpg,有液体,有液体,0.9654875,True,中等,中等,0.020988442,0.14782415,0.77154374,0.05964361,True,中等,0.041380007,0.3439018,0.5277312,0.086987056,True,unknown,coco,coco:coco:IMG_20250401_154958_jpg.rf.I1ljVgU1hPOEtP2GZ08a.jpg
coco_IMG_20250401_150053_jpg.rf.VeQoA2UqqLLc2hxPdahl.jpg,有液体,有液体,0.97511935,True,少量,中等,0.027930463,0.32015216,0.61403406,0.03788326,False,中等,0.014001483,0.35757208,0.60431415,0.024112226,False,unknown,coco,coco:coco:IMG_20250401_150053_jpg.rf.VeQoA2UqqLLc2hxPdahl.jpg
coco_IMG_20250401_152711_jpg.rf.WXDIb8AG3DojwH6eOsrE.jpg,有液体,有液体,0.98555624,True,中等,中等,0.013787214,0.021604784,0.82905453,0.13555346,True,中等,0.013316189,0.03528201,0.6047091,0.3466927,True,unknown,coco,coco:coco:IMG_20250401_152711_jpg.rf.WXDIb8AG3DojwH6eOsrE.jpg
coco_IMG_20250401_163021_jpg.rf.xfbPCE7jUaXuhrteJz39.jpg,有液体,有液体,0.96194947,True,中等,中等,0.027421208,0.057870794,0.80251986,0.11218812,True,中等,0.026630426,0.07111347,0.8285704,0.07368568,True,unknown,coco,coco:coco:IMG_20250401_163021_jpg.rf.xfbPCE7jUaXuhrteJz39.jpg
coco_IMG_20250401_160441_jpg.rf.yu233eNzGI7IiQaA1W7H.jpg,有液体,有液体,0.8109152,True,少量,中等,0.14707711,0.34177008,0.46713144,0.044021398,False,少量,0.09950776,0.8376357,0.046151288,0.016705243,True,unknown,coco,coco:coco:IMG_20250401_160441_jpg.rf.yu233eNzGI7IiQaA1W7H.jpg
coco_IMG_20250401_155745_jpg.rf.CPNDtJBTZrrPApZZVnv2.jpg,有液体,有液体,0.98040986,True,中等,中等,0.015829762,0.04916601,0.80178344,0.13322078,True,中等,0.009040497,0.065892376,0.8527175,0.07234956,True,unknown,coco,coco:coco:IMG_20250401_155745_jpg.rf.CPNDtJBTZrrPApZZVnv2.jpg
coco_IMG_20250401_160534_jpg.rf.VpZ2FRBF2ebJRi4G9Oqk.jpg,有液体,有液体,0.9834306,True,中等,中等,0.01651443,0.041840687,0.6930631,0.24858178,True,中等,0.0014265939,0.06000966,0.51939833,0.41916534,True,unknown,coco,coco:coco:IMG_20250401_160534_jpg.rf.VpZ2FRBF2ebJRi4G9Oqk.jpg
coco_IMG_20250401_152106-2_jpg.rf.JbQnamRL5l9RTWYdbTbR.jpg,有液体,有液体,0.89319766,True,少量,少量,0.078954056,0.77973753,0.1178063,0.023502126,True,少量,0.085478716,0.86135507,0.036153182,0.017012987,True,unknown,coco,coco:coco:IMG_20250401_152106-2_jpg.rf.JbQnamRL5l9RTWYdbTbR.jpg
coco_IMG_20250401_152417_jpg.rf.Dz54erFPSkSaXf5KnFkR.jpg,有液体,有液体,0.90335655,True,少量,中等,0.10322804,0.3676035,0.47923976,0.049928665,False,少量,0.037762467,0.51991063,0.4173139,0.02501295,True,unknown,coco,coco:coco:IMG_20250401_152417_jpg.rf.Dz54erFPSkSaXf5KnFkR.jpg
coco_IMG_20250401_151529_jpg.rf.zgHdvpPjtZmeudDvg5cv.jpg,有液体,有液体,0.92146206,True,中等,少量,0.088294104,0.4684784,0.4021026,0.041124847,False,少量,0.044866912,0.5999797,0.2916883,0.0634652,False,unknown,coco,coco:coco:IMG_20250401_151529_jpg.rf.zgHdvpPjtZmeudDvg5cv.jpg
coco_IMG_20250401_155707_jpg.rf.JuDoe5L5VGNrHTGlSfbv.jpg,有液体,有液体,0.99075323,True,中等,中等,0.006433405,0.031821255,0.9086277,0.053117637,True,中等,0.005664199,0.03664488,0.88501215,0.07267878,True,unknown,coco,coco:coco:IMG_20250401_155707_jpg.rf.JuDoe5L5VGNrHTGlSfbv.jpg
coco_IMG_20250401_163738_jpg.rf.Js71zVAekHLUQUH859To.jpg,有液体,有液体,0.9657806,True,较多,中等,0.021064376,0.024372626,0.582236,0.37232697,False,中等,0.011231054,0.001665501,0.79358095,0.1935225,False,unknown,coco,coco:coco:IMG_20250401_163738_jpg.rf.Js71zVAekHLUQUH859To.jpg
coco_IMG_20250401_155604_jpg.rf.IstvNJ2HnYiMWkqEHiod.jpg,有液体,有液体,0.98686516,True,较多,中等,0.008017609,0.025508657,0.71257806,0.2538956,False,中等,0.0060724095,0.032991484,0.59719974,0.36373636,False,unknown,coco,coco:coco:IMG_20250401_155604_jpg.rf.IstvNJ2HnYiMWkqEHiod.jpg
coco_IMG_20250401_155728_jpg.rf.bIXLcGdN2pXqG5sSDZzc.jpg,有液体,有液体,0.9803517,True,中等,中等,0.013719154,0.097171836,0.7929154,0.09619357,True,中等,0.003096163,0.15875687,0.7763912,0.06175582,True,unknown,coco,coco:coco:IMG_20250401_155728_jpg.rf.bIXLcGdN2pXqG5sSDZzc.jpg
coco_IMG_20250401_150110_jpg.rf.DMAye2vwmxK6wlIUbsuc.jpg,有液体,有液体,0.96461535,True,中等,中等,0.062267754,0.17965096,0.6981239,0.0599574,True,中等,0.048812125,0.09445118,0.8007678,0.0559689,True,unknown,coco,coco:coco:IMG_20250401_150110_jpg.rf.DMAye2vwmxK6wlIUbsuc.jpg
coco_IMG_20250401_163417_jpg.rf.Etl1tIyE87jT9p6pFvfq.jpg,无液体,无液体,0.09544594,True,无,无,0.9121587,0.06620871,0.01235248,0.009280117,True,无,0.741928,0.19242229,0.041944098,0.023705615,True,unknown,coco,coco:coco:IMG_20250401_163417_jpg.rf.Etl1tIyE87jT9p6pFvfq.jpg
coco_IMG_20250401_150730_jpg.rf.FLJs6tLrrNnnhyBbYk8A.jpg,有液体,有液体,0.88228977,True,中等,中等,0.11477705,0.25784898,0.5121312,0.115242675,True,中等,0.1521736,0.16552356,0.5522982,0.13000467,True,unknown,coco,coco:coco:IMG_20250401_150730_jpg.rf.FLJs6tLrrNnnhyBbYk8A.jpg
coco_IMG_20250401_163554_jpg.rf.ab6jbsJunaAidYpWxIA3.jpg,有液体,有液体,0.97226846,True,较多,中等,0.027308976,0.030206654,0.7869999,0.15548459,False,中等,0.029204981,0.1610961,0.7280673,0.081631616,False,unknown,coco,coco:coco:IMG_20250401_163554_jpg.rf.ab6jbsJunaAidYpWxIA3.jpg
coco_IMG_20250401_163917_jpg.rf.bPiACynU3CR8k7SFZszg.jpg,有液体,有液体,0.92443,True,中等,中等,0.055732634,0.112213254,0.7198544,0.112199694,True,中等,0.055449925,0.070041955,0.80074894,0.0737592,True,unknown,coco,coco:coco:IMG_20250401_163917_jpg.rf.bPiACynU3CR8k7SFZszg.jpg
coco_IMG_20250401_150735_jpg.rf.Cij8ESVOPmhtzaPpEXxh.jpg,有液体,有液体,0.9610781,True,中等,中等,0.06373115,0.40515456,0.4863811,0.04473312,True,少量,0.028363973,0.78837466,0.15847628,0.024785127,False,unknown,coco,coco:coco:IMG_20250401_150735_jpg.rf.Cij8ESVOPmhtzaPpEXxh.jpg
coco_IMG_20250401_163216_jpg.rf.ca0S9sZigNLpBOGgUHcf.jpg,有液体,有液体,0.9497795,True,少量,中等,0.039375223,0.22300151,0.6940788,0.04354454,False,少量,0.058389716,0.51269186,0.35055768,0.078360766,True,unknown,coco,coco:coco:IMG_20250401_163216_jpg.rf.ca0S9sZigNLpBOGgUHcf.jpg
coco_IMG_20250401_160417_jpg.rf.hfJ4mKLDAFlnIYwzaqNO.jpg,无液体,无液体,0.15581958,True,无,无,0.8591741,0.08145645,0.034026895,0.02534263,True,无,0.73614794,0.21810313,0.0065387525,0.039210223,True,unknown,coco,coco:coco:IMG_20250401_160417_jpg.rf.hfJ4mKLDAFlnIYwzaqNO.jpg
coco_IMG_20250401_150227_jpg.rf.876oYOvQlMHC5VMeX4fZ.jpg,有液体,有液体,0.64100504,True,少量,少量,0.3209001,0.38819608,0.26486686,0.0260369,True,少量,0.4381487,0.4720023,0.052637406,0.03721163,True,unknown,coco,coco:coco:IMG_20250401_150227_jpg.rf.876oYOvQlMHC5VMeX4fZ.jpg
coco_IMG_20250401_163939_jpg.rf.rVFuz9tyVmYLV5hIf6W6.jpg,有液体,有液体,0.9865048,True,较多,中等,0.016270008,0.07071877,0.8324555,0.08055567,False,中等,0.016257845,0.06603434,0.73490894,0.18279885,False,unknown,coco,coco:coco:IMG_20250401_163939_jpg.rf.rVFuz9tyVmYLV5hIf6W6.jpg
coco_IMG_20250401_163704_jpg.rf.uQa0xkEgbcIJBVl8tmSk.jpg,有液体,有液体,0.88956714,True,中等,中等,0.06771443,0.16380154,0.71478575,0.05369831,True,中等,0.10019617,0.13657834,0.6850333,0.07819219,True,unknown,coco,coco:coco:IMG_20250401_163704_jpg.rf.uQa0xkEgbcIJBVl8tmSk.jpg
coco_IMG_20250401_150637_jpg.rf.uTrU8P2Mcak5EJpFiiFu.jpg,有液体,有液体,0.9441092,True,少量,少量,0.056464773,0.61972857,0.26984257,0.053964026,True,少量,0.058266476,0.73864514,0.17019446,0.032893956,True,unknown,coco,coco:coco:IMG_20250401_150637_jpg.rf.uTrU8P2Mcak5EJpFiiFu.jpg
coco_IMG_20250401_163649_jpg.rf.tUiQ46uG4TpOvd7H8ut6.jpg,有液体,有液体,0.83881664,True,少量,少量,0.14079781,0.5699243,0.25649804,0.032779936,True,少量,0.09884739,0.6124474,0.24867705,0.04002814,True,unknown,coco,coco:coco:IMG_20250401_163649_jpg.rf.tUiQ46uG4TpOvd7H8ut6.jpg
coco_IMG_20250401_151052_jpg.rf.wDyZgiYZublZtYIGWnxP.jpg,有液体,有液体,0.88641673,True,少量,少量,0.08860475,0.5213638,0.36918512,0.020846399,True,少量,0.036889624,0.89901817,0.02806292,0.036029335,True,unknown,coco,coco:coco:IMG_20250401_151052_jpg.rf.wDyZgiYZublZtYIGWnxP.jpg
coco_IMG_20250401_150759_jpg.rf.lAs0Q71OqlqLxu37yJI0.jpg,无液体,有液体,0.70850563,False,无,少量,0.18814512,0.35792574,0.24681848,0.20711075,False,少量,0.024399923,0.72877556,0.121906415,0.124918066,False,unknown,coco,coco:coco:IMG_20250401_150759_jpg.rf.lAs0Q71OqlqLxu37yJI0.jpg
coco_IMG_20250401_145634_jpg.rf.lifuGzQ3ywFNQJVH3ewG.jpg,有液体,有液体,0.93015647,True,中等,中等,0.120479435,0.076309085,0.70714,0.09607151,True,中等,0.061777163,0.09702026,0.77539027,0.06581223,True,unknown,coco,coco:coco:IMG_20250401_145634_jpg.rf.lifuGzQ3ywFNQJVH3ewG.jpg
coco_IMG_20250401_150205_jpg.rf.nnsu4SDvD3up56xCMuvy.jpg,有液体,有液体,0.92361283,True,少量,少量,0.095272414,0.6123939,0.26132116,0.031012472,True,少量,0.036665432,0.482207,0.4611815,0.019946074,True,unknown,coco,coco:coco:IMG_20250401_150205_jpg.rf.nnsu4SDvD3up56xCMuvy.jpg
coco_IMG_20250401_145641_jpg.rf.LZokaH2X3UZqJtbGYfQD.jpg,有液体,有液体,0.8707888,True,少量,中等,0.15553074,0.3011411,0.46828878,0.075039364,False,少量,0.08114719,0.6483898,0.23118694,0.03927606,True,unknown,coco,coco:coco:IMG_20250401_145641_jpg.rf.LZokaH2X3UZqJtbGYfQD.jpg
coco_IMG_20250401_151625_jpg.rf.NWR9ZWHTV2i2Mivh1eyK.jpg,有液体,有液体,0.9489329,True,中等,中等,0.032473586,0.061054237,0.8667891,0.03968308,True,中等,0.05308435,0.19276889,0.6838262,0.07032052,True,unknown,coco,coco:coco:IMG_20250401_151625_jpg.rf.NWR9ZWHTV2i2Mivh1eyK.jpg
coco_IMG_20250401_163251_jpg.rf.OBOkMt4Ak8JT0SiNlsVa.jpg,有液体,有液体,0.9861114,True,中等,中等,0.0074165566,0.026654609,0.81563383,0.15029505,True,中等,0.010262148,0.0035898262,0.80768824,0.17845981,True,unknown,coco,coco:coco:IMG_20250401_163251_jpg.rf.OBOkMt4Ak8JT0SiNlsVa.jpg
coco_IMG_20250401_155606_jpg.rf.QvuINUf4Y7DYEiSQnREP.jpg,有液体,有液体,0.96056575,True,较多,中等,0.03394729,0.23526196,0.37568766,0.3551031,False,少量,0.021725694,0.42692992,0.36311153,0.1882328,False,unknown,coco,coco:coco:IMG_20250401_155606_jpg.rf.QvuINUf4Y7DYEiSQnREP.jpg
coco_IMG_20250401_145709_jpg.rf.RtjIM9domBXLgY3aUvWC.jpg,有液体,有液体,0.80978703,True,中等,中等,0.100614496,0.17410378,0.68273133,0.042550404,True,少量,0.08580006,0.5634043,0.32887155,0.021924028,False,unknown,coco,coco:coco:IMG_20250401_145709_jpg.rf.RtjIM9domBXLgY3aUvWC.jpg
coco_IMG_20250401_151528_jpg.rf.SgN7WyO46Bp1zjvweeZL.jpg,有液体,有液体,0.968327,True,少量,中等,0.048084844,0.2338186,0.69477457,0.02332197,False,少量,0.019988839,0.73090446,0.21582621,0.03328058,True,unknown,coco,coco:coco:IMG_20250401_151528_jpg.rf.SgN7WyO46Bp1zjvweeZL.jpg
coco_IMG_20250401_152726_jpg.rf.T5bKVBg0HTBkVV1PysYf.jpg,有液体,有液体,0.98333514,True,中等,中等,0.029078575,0.065082826,0.6715219,0.23431666,True,中等,0.010302006,0.026339862,0.663336,0.3000222,True,unknown,coco,coco:coco:IMG_20250401_152726_jpg.rf.T5bKVBg0HTBkVV1PysYf.jpg
coco_IMG_20250401_154954_jpg.rf.S7r9Py9TNo69yWh5Mrch.jpg,有液体,有液体,0.9880967,True,中等,中等,0.0126292305,0.058337443,0.91136444,0.0176689,True,中等,0.0070612445,0.2315166,0.7373752,0.024047013,True,unknown,coco,coco:coco:IMG_20250401_154954_jpg.rf.S7r9Py9TNo69yWh5Mrch.jpg
coco_IMG_20250401_155619_jpg.rf.2QAJLMBOhhEV6weUihKN.jpg,无液体,无液体,0.25090173,True,无,无,0.78869426,0.096231386,0.07525753,0.03981686,True,无,0.6129533,0.24503818,0.107856974,0.0341515,True,unknown,coco,coco:coco:IMG_20250401_155619_jpg.rf.2QAJLMBOhhEV6weUihKN.jpg
coco_IMG_20250401_160557_jpg.rf.1pyUU5WnIrVAbC6aDKVw.jpg,无液体,无液体,0.12890401,True,无,无,0.85050094,0.09102808,0.041050352,0.017420609,True,无,0.8105557,0.15031661,0.009893487,0.029234283,True,unknown,coco,coco:coco:IMG_20250401_160557_jpg.rf.1pyUU5WnIrVAbC6aDKVw.jpg
coco_IMG_20250401_151829_jpg.rf.2XIiPWGevhYkS0P0qn1f.jpg,有液体,有液体,0.9069793,True,中等,中等,0.07082776,0.15174288,0.7049977,0.07243165,True,中等,0.049531113,0.29744264,0.56532294,0.087703295,True,unknown,coco,coco:coco:IMG_20250401_151829_jpg.rf.2XIiPWGevhYkS0P0qn1f.jpg
coco_IMG_20250401_150640_jpg.rf.1gZa6cKBKQj6Qr7okiK3.jpg,有液体,有液体,0.93357813,True,中等,中等,0.04362725,0.26574346,0.6519519,0.03867734,True,中等,0.064334385,0.32140926,0.5721275,0.04212876,True,unknown,coco,coco:coco:IMG_20250401_150640_jpg.rf.1gZa6cKBKQj6Qr7okiK3.jpg
coco_IMG_20250401_163508_jpg.rf.3jHL38wcL8E3SZcbfEH3.jpg,有液体,有液体,0.63477373,True,中等,少量,0.30357176,0.44237748,0.20505294,0.048997853,False,少量,0.37539026,0.5432766,0.06364714,0.01768596,False,unknown,coco,coco:coco:IMG_20250401_163508_jpg.rf.3jHL38wcL8E3SZcbfEH3.jpg
weak_108-1086053_transparent-background-water-bottle-png-png-download.png,有液体,有液体,0.9842473,True,较多,较多,0.0053563686,0.0030395945,0.041705433,0.9498986,True,较多,0.0068046665,0.0072002844,0.0044422285,0.98155284,True,unknown,folder_yolo,folder_yolo:Full  Water level/Full  Water level/108-1086053_transparent-background-water-bottle-png-png-download.png
weak_2008_0622SzentkirC3A1ly0110.JPG_24_11zon_1_11zon.jpeg,有液体,有液体,0.96023977,True,较多,较多,0.025822233,0.08078193,0.11531871,0.7780772,True,较多,0.01818996,0.16595256,0.050535325,0.7653222,True,unknown,folder_yolo,folder_yolo:Full  Water level/Full  Water level/2008_0622SzentkirC3A1ly0110.JPG_24_11zon_1_11zon.jpeg
weak_2016-2_37_11zon.jpeg,有液体,有液体,0.93568075,True,较多,较多,0.045530546,0.0064666383,0.07194756,0.87605524,True,较多,0.056567248,0.0,0.009599602,0.9338331,True,unknown,folder_yolo,folder_yolo:Full  Water level/Full  Water level/2016-2_37_11zon.jpeg
weak_204569_2-kinley-mineral-water_26_11zon.jpeg,有液体,有液体,0.9620204,True,较多,较多,0.023089815,0.012286575,0.16667856,0.7979451,True,较多,0.01887836,0.0,0.09407217,0.88704944,True,unknown,folder_yolo,folder_yolo:Full  Water level/Full  Water level/204569_2-kinley-mineral-water_26_11zon.jpeg
weak_242060-2_1-aquafina-packaged-drinking-water_44_11zon.jpeg,有液体,有液体,0.9891244,True,较多,较多,0.0063183284,0.0056125536,0.07166537,0.9164038,True,较多,0.006313673,0.007826403,0.05083423,0.9350257,True,unknown,folder_yolo,folder_yolo:Full  Water level/Full  Water level/242060-2_1-aquafina-packaged-drinking-water_44_11zon.jpeg
weak_39-393639_empty-water-bottle-png-transparent-png.png,无液体,有液体,0.9612024,False,无,较多,0.03207328,0.00650954,0.15271908,0.80869806,False,较多,0.03185839,0.0,0.11188105,0.85626054,False,unknown,folder_yolo,folder_yolo:Full  Water level/Full  Water level/39-393639_empty-water-bottle-png-transparent-png.png
weak_412087_1-bisleri-mineral-water_29_11zon.jpeg,有液体,有液体,0.9856708,True,较多,较多,0.005402464,0.004108497,0.069125846,0.92136323,True,较多,0.0073958747,0.0,0.013991064,0.978613,True,unknown,folder_yolo,folder_yolo:Full  Water level/Full  Water level/412087_1-bisleri-mineral-water_29_11zon.jpeg
weak_412087_1-bisleri-mineral-water_47_11zon.jpeg,有液体,有液体,0.9856708,True,较多,较多,0.005402464,0.004108497,0.069125846,0.92136323,True,较多,0.0073958747,0.0,0.013991064,0.978613,True,unknown,folder_yolo,folder_yolo:Full  Water level/Full  Water level/412087_1-bisleri-mineral-water_47_11zon.jpeg
weak_5233546650_83e1b54cbd_o_wide-8eedd32192c33d2396cfd48cfefdab7ea0066421-s1400-c100_37_11zon.jpeg,有液体,有液体,0.8607221,True,较多,较多,0.11321561,0.043867745,0.04604523,0.7968714,True,较多,0.1380484,0.23343296,0.0,0.62851864,True,unknown,folder_yolo,folder_yolo:Full  Water level/Full  Water level/5233546650_83e1b54cbd_o_wide-8eedd32192c33d2396cfd48cfefdab7ea0066421-s1400-c100_37_11zon.jpeg
weak_61RQJt9jcS._SY550_PIbundle-12TopRight00_SX367SY550SH20__6_11zon.jpeg,有液体,有液体,0.963202,True,较多,较多,0.018298961,0.006596378,0.20730862,0.767796,True,较多,0.017535713,0.0,0.15067795,0.8317863,True,unknown,folder_yolo,folder_yolo:Full  Water level/Full  Water level/61RQJt9jcS._SY550_PIbundle-12TopRight00_SX367SY550SH20__6_11zon.jpeg
weak_61WoM42xNuL._SL1500__7_11zon.jpeg,有液体,有液体,0.97940326,True,较多,较多,0.0038992185,0.0011262285,0.038858317,0.9561162,True,较多,0.0072850427,0.0,0.029496582,0.96321833,True,unknown,folder_yolo,folder_yolo:Full  Water level/Full  Water level/61WoM42xNuL._SL1500__7_11zon.jpeg
weak_77597665-blank-bottle-with-white-label-for-design-uses-isolated-transparent-background_35_11zon.jpeg,有液体,有液体,0.9327498,True,较多,较多,0.042301532,0.02659038,0.09353218,0.83757585,True,较多,0.048233945,0.0104850335,0.32983822,0.6114428,True,unknown,folder_yolo,folder_yolo:Full  Water level/Full  Water level/77597665-blank-bottle-with-white-label-for-design-uses-isolated-transparent-background_35_11zon.jpeg
weak_aquafina-water_40_11zon.jpeg,有液体,有液体,0.95946896,True,较多,较多,0.039405264,0.036288194,0.22601548,0.6982911,True,较多,0.032075465,0.06825584,0.27084717,0.6288216,True,unknown,folder_yolo,folder_yolo:Full  Water level/Full  Water level/aquafina-water_40_11zon.jpeg
weak_b2a0f528baf4fb6e58d78973d3328d98_57_11zon.jpeg,有液体,有液体,0.9889619,True,较多,较多,0.003860295,0.0039417786,0.030527031,0.9616709,True,较多,0.013317084,0.019707948,0.034193818,0.93278116,True,unknown,folder_yolo,folder_yolo:Full  Water level/Full  Water level/b2a0f528baf4fb6e58d78973d3328d98_57_11zon.jpeg
weak_benefits-of-drinking-from-glass-water-bottle-health_g_60_11zon.jpeg,有液体,有液体,0.8887466,True,较多,较多,0.12724675,0.096124984,0.36340794,0.41322038,True,较多,0.07833323,0.12511177,0.06213886,0.73441607,True,unknown,folder_yolo,folder_yolo:Full  Water level/Full  Water level/benefits-of-drinking-from-glass-water-bottle-health_g_60_11zon.jpeg
weak_Bisleri-_-1-ltr-1-1_65_11zon.jpeg,有液体,有液体,0.9887538,True,较多,较多,0.0027136274,0.0011259712,0.0099003725,0.98626,True,较多,0.009421444,0.0026418283,0.0,0.98793674,True,unknown,folder_yolo,folder_yolo:Full  Water level/Full  Water level/Bisleri-_-1-ltr-1-1_65_11zon.jpeg
weak_bisleri-mineral-water-06-01-21-4-219986630-to83b.png,有液体,有液体,0.96874857,True,较多,较多,0.016812326,0.012687958,0.08341138,0.8870883,True,较多,0.015762819,0.0,0.033918034,0.9503192,True,unknown,folder_yolo,folder_yolo:Full  Water level/Full  Water level/bisleri-mineral-water-06-01-21-4-219986630-to83b.png
weak_bottled-water-bottle-plastic-grocery-store-1200x628-facebook_87_11zon.jpeg,有液体,有液体,0.69687885,True,较多,较多,0.23860928,0.1289628,0.10890549,0.52352244,True,较多,0.20363912,0.28155378,0.020738548,0.4940685,True,unknown,folder_yolo,folder_yolo:Full  Water level/Full  Water level/bottled-water-bottle-plastic-grocery-store-1200x628-facebook_87_11zon.jpeg
weak_brand-bisleri-spotlight-03_89_11zon.jpeg,有液体,有液体,0.9666652,True,较多,较多,0.032654773,0.06818694,0.08279296,0.81636536,True,较多,0.024116483,0.13000987,0.065888,0.77998567,True,unknown,folder_yolo,folder_yolo:Full  Water level/Full  Water level/brand-bisleri-spotlight-03_89_11zon.jpeg
weak_d-image-plastic-water-bottle-blank-background-vector-illustration_1284-67608_64_11zon.jpeg,有液体,有液体,0.956848,True,较多,较多,0.06067504,0.006554342,0.17130454,0.7614661,True,较多,0.11174857,0.0,0.0,0.8882514,True,unknown,folder_yolo,folder_yolo:Full  Water level/Full  Water level/d-image-plastic-water-bottle-blank-background-vector-illustration_1284-67608_64_11zon.jpeg
weak_download (8)_92_11zon.jpeg,有液体,有液体,0.97334707,True,较多,较多,0.016819693,0.009422106,0.21398774,0.75977045,True,较多,0.025918616,0.012294766,0.22485755,0.7369291,True,unknown,folder_yolo,folder_yolo:Full  Water level/Full  Water level/download (8)_92_11zon.jpeg
weak_drinking-water-bottle-png-7.png,有液体,有液体,0.9446558,True,较多,中等,0.052027002,0.025952501,0.50895196,0.4130685,False,较多,0.072950274,0.0,0.43748495,0.48956487,True,unknown,folder_yolo,folder_yolo:Full  Water level/Full  Water level/drinking-water-bottle-png-7.png
weak_empty-clear-drinking-water-bottle-studio-shot-isolated-on-white-background-J7YDN2_66_11zon.jpeg,无液体,有液体,0.92735004,False,无,较多,0.06998537,0.037789326,0.35601845,0.5362069,False,中等,0.030317971,0.017420879,0.49168032,0.4605808,False,unknown,folder_yolo,folder_yolo:Full  Water level/Full  Water level/empty-clear-drinking-water-bottle-studio-shot-isolated-on-white-background-J7YDN2_66_11zon.jpeg
weak_GettyImages-84588407-f290ded_104_11zon.jpeg,有液体,有液体,0.63500893,True,较多,无,0.3468678,0.08693516,0.22363971,0.3425573,False,较多,0.21967903,0.34183967,0.049991217,0.38849008,True,unknown,folder_yolo,folder_yolo:Full  Water level/Full  Water level/GettyImages-84588407-f290ded_104_11zon.jpeg
weak_hd-hand-holding-water-plastic-bottle-png-31625532532xqlew4dnsf.png,有液体,有液体,0.93031895,True,较多,较多,0.038407024,0.079326406,0.3082119,0.5740547,True,中等,0.029159846,0.12007687,0.5125914,0.33817187,False,unknown,folder_yolo,folder_yolo:Full  Water level/Full  Water level/hd-hand-holding-water-plastic-bottle-png-31625532532xqlew4dnsf.png
weak_images177_242_11zon.jpeg,有液体,有液体,0.9766222,True,较多,较多,0.01756532,0.09741116,0.0963923,0.7886312,True,较多,0.0052866964,0.25349647,0.0,0.7412169,True,unknown,folder_yolo,folder_yolo:Full  Water level/Full  Water level/images177_242_11zon.jpeg
weak_images198_255_11zon.jpeg,有液体,有液体,0.97458386,True,较多,较多,0.009599132,0.0062674712,0.024518577,0.95961475,True,较多,0.020081738,0.038091257,0.0,0.941827,True,unknown,folder_yolo,folder_yolo:Full  Water level/Full  Water level/images198_255_11zon.jpeg
weak_images2_129_11zon.jpeg,有液体,有液体,0.9871427,True,较多,较多,0.008532135,0.0074595413,0.13041098,0.8535974,True,较多,0.004375582,0.083021104,0.052605104,0.85999817,True,unknown,folder_yolo,folder_yolo:Full  Water level/Full  Water level/images2_129_11zon.jpeg
weak_images438_401_11zon.jpeg,有液体,有液体,0.98537004,True,较多,较多,0.009046032,0.015572432,0.10069238,0.8746891,True,较多,0.0069422848,0.03218243,0.26418614,0.69668907,True,unknown,folder_yolo,folder_yolo:Full  Water level/Full  Water level/images438_401_11zon.jpeg
weak_images49_162_11zon.jpeg,有液体,有液体,0.9534441,True,较多,较多,0.011741465,0.0046983366,0.04695135,0.93660885,True,较多,0.02642123,0.02826437,0.0,0.94531435,True,unknown,folder_yolo,folder_yolo:Full  Water level/Full  Water level/images49_162_11zon.jpeg
weak_images5_131_11zon.jpeg,有液体,有液体,0.98133636,True,较多,较多,0.005574565,0.002996772,0.014531266,0.97689736,True,较多,0.011993657,0.031358637,0.0,0.9566477,True,unknown,folder_yolo,folder_yolo:Full  Water level/Full  Water level/images5_131_11zon.jpeg
weak_images98_191_11zon.jpeg,有液体,有液体,0.99266315,True,较多,较多,0.0034986716,0.0049048383,0.03953602,0.95206046,True,较多,0.004435023,0.009665719,0.026682973,0.95921624,True,unknown,folder_yolo,folder_yolo:Full  Water level/Full  Water level/images98_191_11zon.jpeg
weak_Lapaas-Multicolour-Water-Bottle-Pack-SDL053428366-1-854e7.jpeg,有液体,有液体,0.940715,True,较多,较多,0.026426902,0.009184265,0.088950954,0.87543786,True,较多,0.07135228,0.0016863751,0.14512323,0.7818381,True,unknown,folder_yolo,folder_yolo:Full  Water level/Full  Water level/Lapaas-Multicolour-Water-Bottle-Pack-SDL053428366-1-854e7.jpeg
weak_Microplastics-found-in-Nestle-and-Danone-bottled-waters_488_11zon.jpeg,无液体,有液体,0.97752213,False,无,较多,0.020476205,0.03325545,0.25505203,0.69121635,False,较多,0.016124591,0.05849618,0.12978461,0.79559463,False,unknown,folder_yolo,folder_yolo:Full  Water level/Full  Water level/Microplastics-found-in-Nestle-and-Danone-bottled-waters_488_11zon.jpeg
weak_Numbers_Behind_Water_Bottles2_099693d4-be78-45e8-bc4c-007319ffe0ac_1024x1024_493_11zon.jpeg,有液体,有液体,0.6483567,True,较多,较多,0.21485369,0.020989116,0.14933287,0.6148243,True,较多,0.3930857,0.0,0.17886104,0.42805323,True,unknown,folder_yolo,folder_yolo:Full  Water level/Full  Water level/Numbers_Behind_Water_Bottles2_099693d4-be78-45e8-bc4c-007319ffe0ac_1024x1024_493_11zon.jpeg
weak_our-brands-bisleri-bottle-new.png,有液体,有液体,0.96822596,True,较多,较多,0.019519974,0.027964912,0.11973533,0.83277977,True,较多,0.0105612,0.007289324,0.0725512,0.9095983,True,unknown,folder_yolo,folder_yolo:Full  Water level/Full  Water level/our-brands-bisleri-bottle-new.png
weak_pet-water-bottle-1516451477-3595902_501_11zon.jpeg,有液体,有液体,0.99320424,True,较多,较多,0.0023712495,0.004290986,0.03681532,0.95652246,True,较多,0.006566383,0.0032888541,0.01226107,0.97788364,True,unknown,folder_yolo,folder_yolo:Full  Water level/Full  Water level/pet-water-bottle-1516451477-3595902_501_11zon.jpeg
weak_plastic-bottle-water-isolated-white-background_185193-89223_63_11zon.jpeg,有液体,有液体,0.9657264,True,较多,较多,0.04501855,0.012498153,0.20714724,0.7353361,True,较多,0.022252383,0.0,0.09693095,0.8808167,True,unknown,folder_yolo,folder_yolo:Full  Water level/Full  Water level/plastic-bottle-water-isolated-white-background_185193-89223_63_11zon.jpeg
weak_prod-20220126-1301495440442809749765815-jpg-500x500_505_11zon.jpeg,有液体,有液体,0.96404064,True,较多,较多,0.024595613,0.015303662,0.10301683,0.85708386,True,较多,0.030189153,0.06707475,0.013768218,0.8889679,True,unknown,folder_yolo,folder_yolo:Full  Water level/Full  Water level/prod-20220126-1301495440442809749765815-jpg-500x500_505_11zon.jpeg
weak_ration-banner-small-drinking-plastic-bottle-water-with-splash-dr_134830-1308_91_11zon.jpeg,有液体,有液体,0.94381833,True,较多,较多,0.038147166,0.030018538,0.087308936,0.84452534,True,较多,0.020272933,0.024600774,0.004506053,0.95062023,True,unknown,folder_yolo,folder_yolo:Full  Water level/Full  Water level/ration-banner-small-drinking-plastic-bottle-water-with-splash-dr_134830-1308_91_11zon.jpeg
weak_saaral-mineral-drinking-water-packed-in-small-sized-plastic-bottles-792_93_11zon.jpeg,有液体,有液体,0.88189954,True,较多,较多,0.0907649,0.062183924,0.091461346,0.75558984,True,较多,0.14854208,0.024267042,0.15151034,0.6756805,True,unknown,folder_yolo,folder_yolo:Full  Water level/Full  Water level/saaral-mineral-drinking-water-packed-in-small-sized-plastic-bottles-792_93_11zon.jpeg
weak_speed-water-bottle-1-liter-390-w300_98_11zon_12_11zon.jpeg,有液体,有液体,0.9510361,True,较多,较多,0.048226554,0.040171042,0.122711375,0.788891,True,较多,0.056691732,0.08839661,0.14698182,0.7079298,True,unknown,folder_yolo,folder_yolo:Full  Water level/Full  Water level/speed-water-bottle-1-liter-390-w300_98_11zon_12_11zon.jpeg
weak_ttle-on-white-background-for-mockup-design-front-view-without-cap-1688250748_107_11zon.jpeg,有液体,有液体,0.98339665,True,较多,较多,0.011190591,0.016080916,0.24132365,0.7314049,True,较多,0.020485543,0.0,0.16703519,0.8124793,True,unknown,folder_yolo,folder_yolo:Full  Water level/Full  Water level/ttle-on-white-background-for-mockup-design-front-view-without-cap-1688250748_107_11zon.jpeg
weak_Water-Bottle-Labels-2_528_11zon.jpeg,有液体,有液体,0.9662508,True,较多,较多,0.008705618,0.004390756,0.020939035,0.9659646,True,较多,0.023492703,0.009194161,0.0,0.9673132,True,unknown,folder_yolo,folder_yolo:Full  Water level/Full  Water level/Water-Bottle-Labels-2_528_11zon.jpeg
weak_water-bottle-png-image-5a3ac0b696f010.0505177815137998626183_110_11zon.jpeg,有液体,有液体,0.9792656,True,较多,较多,0.01647248,0.008505794,0.04210014,0.93292165,True,较多,0.0106301615,0.08568727,0.07052657,0.83315605,True,unknown,folder_yolo,folder_yolo:Full  Water level/Full  Water level/water-bottle-png-image-5a3ac0b696f010.0505177815137998626183_110_11zon.jpeg
weak_water_bottle_PNG98961.png,有液体,有液体,0.9911357,True,较多,较多,0.0051379874,0.015647842,0.14784358,0.83137065,True,较多,0.0017603838,0.0121816015,0.042252325,0.94380563,True,unknown,folder_yolo,folder_yolo:Full  Water level/Full  Water level/water_bottle_PNG98961.png
weak_WhatsApp Image 2022-12-11 at 10.39.33 PM (1).jpeg,有液体,有液体,0.96329606,True,较多,中等,0.024752425,0.110401675,0.51500976,0.34983614,False,较多,0.032011133,0.11537536,0.37440062,0.47821286,True,unknown,folder_yolo,folder_yolo:Full  Water level/Full  Water level/WhatsApp Image 2022-12-11 at 10.39.33 PM (1).jpeg
weak_1571450-the-bottle-is-half-full-beverage-drinking-water-photocase-stock-photo-large.jpeg,有液体,有液体,0.8848082,True,较多,少量,0.09737172,0.5046485,0.26767913,0.13030063,False,少量,0.045780975,0.69213325,0.19534126,0.06674453,False,unknown,folder_yolo,folder_yolo:Half water level/Half water level/1571450-the-bottle-is-half-full-beverage-drinking-water-photocase-stock-photo-large.jpeg
weak_220px-Botella_de_plC3A1stico_-_PET_4_11zon_2_11zon.jpeg,有液体,有液体,0.94066143,True,中等,中等,0.073668756,0.08977288,0.6475855,0.18897285,True,中等,0.039290015,0.13921107,0.6132884,0.20821047,True,unknown,folder_yolo,folder_yolo:Half water level/Half water level/220px-Botella_de_plC3A1stico_-_PET_4_11zon_2_11zon.jpeg
weak_360_F_1554527_gNGV7ex4kYfcwkMAP1h0g0gHOqA7IL_5_11zon.jpeg,有液体,有液体,0.5881195,True,中等,中等,0.36771595,0.03272555,0.37360525,0.22595325,True,无,0.40441588,0.0,0.33355874,0.2620254,False,unknown,folder_yolo,folder_yolo:Half water level/Half water level/360_F_1554527_gNGV7ex4kYfcwkMAP1h0g0gHOqA7IL_5_11zon.jpeg
weak_360_F_293053226_hVuUD2LNvldnoNb0BuqF8cBMQBMXIh4q_4_11zon.jpeg,有液体,有液体,0.98040915,True,中等,较多,0.04518235,0.2529524,0.31852117,0.38334402,False,较多,0.017954184,0.17468068,0.21424139,0.5931238,False,unknown,folder_yolo,folder_yolo:Half water level/Half water level/360_F_293053226_hVuUD2LNvldnoNb0BuqF8cBMQBMXIh4q_4_11zon.jpeg
weak_4222298_9_11zon.jpeg,有液体,有液体,0.9724371,True,中等,中等,0.01528027,0.028825458,0.800018,0.15587631,True,中等,0.014807503,0.0053814105,0.84263206,0.1371791,True,unknown,folder_yolo,folder_yolo:Half water level/Half water level/4222298_9_11zon.jpeg
weak_630-leak-proof-stayle-sipper-bottle-l-transparent-water-bottle-original-imagfzz5kcaxykhd.jpeg,有液体,有液体,0.8850721,True,中等,较多,0.089173354,0.22092368,0.20039451,0.48950842,False,较多,0.14041834,0.0,0.29668543,0.56289625,False,unknown,folder_yolo,folder_yolo:Half water level/Half water level/630-leak-proof-stayle-sipper-bottle-l-transparent-water-bottle-original-imagfzz5kcaxykhd.jpeg
weak_8945097761_5982ca312f_b_16_11zon.jpeg,有液体,有液体,0.9912892,True,中等,中等,0.016186582,0.085921146,0.7191215,0.1787707,True,中等,0.0030553816,0.08815529,0.7821097,0.12667966,True,unknown,folder_yolo,folder_yolo:Half water level/Half water level/8945097761_5982ca312f_b_16_11zon.jpeg
weak_bottle-half-filled-water-blue-169564825_30_11zon.jpeg,有液体,有液体,0.6047277,True,中等,无,0.4223784,0.18157016,0.08663672,0.3094147,False,无,0.54112405,0.0,0.24540035,0.21347561,False,unknown,folder_yolo,folder_yolo:Half water level/Half water level/bottle-half-filled-water-blue-169564825_30_11zon.jpeg
weak_bottled20water_3_11zon.jpeg,有液体,有液体,0.94652426,True,中等,中等,0.026323924,0.036304366,0.8133155,0.12405623,True,中等,0.098472156,0.0,0.6487256,0.2528022,True,unknown,folder_yolo,folder_yolo:Half water level/Half water level/bottled20water_3_11zon.jpeg
weak_f-full-water-white-background-large-plastic-bottle-half-full-water-254636074_26_11zon.jpeg,有液体,有液体,0.9511575,True,较多,较多,0.036473975,0.011554457,0.18899451,0.762977,True,较多,0.10169325,0.0,0.0,0.8983068,True,unknown,folder_yolo,folder_yolo:Half water level/Half water level/f-full-water-white-background-large-plastic-bottle-half-full-water-254636074_26_11zon.jpeg
weak_glass-of-water-transparent-background-11_30_11zon.jpeg,有液体,有液体,0.9238951,True,中等,中等,0.105361894,0.086984016,0.46100333,0.3466508,True,较多,0.02623367,0.05171031,0.35209274,0.5699632,False,unknown,folder_yolo,folder_yolo:Half water level/Half water level/glass-of-water-transparent-background-11_30_11zon.jpeg
weak_half-empty-plastic-mineral-water-bottle-on-a-green-lawn-BREMD2_32_11zon.jpeg,无液体,有液体,0.868323,False,无,中等,0.13822588,0.035662252,0.6318682,0.1942436,False,中等,0.09384598,0.049981672,0.6722899,0.18388245,False,unknown,folder_yolo,folder_yolo:Half water level/Half water level/half-empty-plastic-mineral-water-bottle-on-a-green-lawn-BREMD2_32_11zon.jpeg
weak_half-full-water-bottle-with-white-cap-on-a-metal-table-and-white-background-2GGG910_37_11zon.jpeg,有液体,有液体,0.94837403,True,较多,少量,0.041576553,0.48913172,0.27820075,0.19109105,False,少量,0.009044442,0.4955849,0.3200751,0.17529559,False,unknown,folder_yolo,folder_yolo:Half water level/Half water level/half-full-water-bottle-with-white-cap-on-a-metal-table-and-white-background-2GGG910_37_11zon.jpeg
weak_halfemptyhalffull.png,无液体,有液体,0.8802374,False,无,较多,0.09888165,0.014815077,0.42692667,0.4593766,False,较多,0.071482636,0.0,0.38511536,0.54340196,False,unknown,folder_yolo,folder_yolo:Half water level/Half water level/halfemptyhalffull.png
weak_images139_6_11zon.jpeg,有液体,有液体,0.9377594,True,中等,中等,0.060119785,0.21327788,0.5130407,0.21356165,True,中等,0.043809526,0.2548305,0.5766667,0.124693274,True,unknown,folder_yolo,folder_yolo:Half water level/Half water level/images139_6_11zon.jpeg
weak_images68_55_11zon.jpeg,有液体,有液体,0.76969784,True,中等,中等,0.121719725,0.07493499,0.73320943,0.070135914,True,中等,0.34093186,0.0,0.6120887,0.046979424,True,unknown,folder_yolo,folder_yolo:Half water level/Half water level/images68_55_11zon.jpeg
weak_IMG-20221215-WA0005_12_11zon.jpeg,有液体,有液体,0.91614735,True,中等,中等,0.056965303,0.1045554,0.7504798,0.08799945,True,中等,0.11576836,0.021337213,0.7387998,0.12409462,True,unknown,folder_yolo,folder_yolo:Half water level/Half water level/IMG-20221215-WA0005_12_11zon.jpeg
weak_IMG20221210152447_16_11zon.jpeg,有液体,有液体,0.9580893,True,中等,中等,0.028737495,0.36036044,0.5059681,0.10493401,True,中等,0.044893414,0.24594691,0.59703207,0.112127595,True,unknown,folder_yolo,folder_yolo:Half water level/Half water level/IMG20221210152447_16_11zon.jpeg
weak_IMG20221226183446_32_11zon.jpeg,有液体,有液体,0.91538215,True,中等,少量,0.117598884,0.66099006,0.14820391,0.07320716,False,少量,0.06555964,0.9050136,0.012257476,0.0171692,False,unknown,folder_yolo,folder_yolo:Half water level/Half water level/IMG20221226183446_32_11zon.jpeg
weak_IMG_9470.JPG_55_11zon.jpeg,有液体,有液体,0.8299537,True,中等,中等,0.23266846,0.09293496,0.35589987,0.31849667,True,中等,0.103204414,0.13330644,0.4851484,0.2783407,True,unknown,folder_yolo,folder_yolo:Half water level/Half water level/IMG_9470.JPG_55_11zon.jpeg
weak_plastic-bottle-water-half-full-reflective-surface-107565079_62_11zon.jpeg,有液体,有液体,0.9530605,True,较多,中等,0.035016265,0.02433106,0.47582564,0.46482703,False,中等,0.01640596,0.031078016,0.7381559,0.21436016,False,unknown,folder_yolo,folder_yolo:Half water level/Half water level/plastic-bottle-water-half-full-reflective-surface-107565079_62_11zon.jpeg
weak_plastic-open-bottle-mineral-water-half-full-isolated-white-159766340_58_11zon.jpeg,有液体,有液体,0.9899188,True,较多,较多,0.01595834,0.037116535,0.18324244,0.7636826,True,较多,0.017816452,0.015119723,0.06519053,0.90187335,True,unknown,folder_yolo,folder_yolo:Half water level/Half water level/plastic-open-bottle-mineral-water-half-full-isolated-white-159766340_58_11zon.jpeg
weak_unnamed (6)_39_11zon.jpeg,有液体,有液体,0.9847512,True,中等,中等,0.022010155,0.05033679,0.79746664,0.13018644,True,中等,0.012999363,0.0039203917,0.7318063,0.25127396,True,unknown,folder_yolo,folder_yolo:Half water level/Half water level/unnamed (6)_39_11zon.jpeg
weak_images (4)_11_11zon.jpeg,有液体,有液体,0.9319754,True,较多,较多,0.04801609,0.0137830535,0.20466378,0.7335371,True,较多,0.045748796,0.0,0.45203447,0.5022167,True,unknown,folder_yolo,folder_yolo:Overflowing/Overflowing/images (4)_11_11zon.jpeg
weak_images_14_11zon.jpeg,有液体,有液体,0.6702359,True,较多,中等,0.35311362,0.055234786,0.4744721,0.117179506,False,无,0.41927898,0.13106307,0.37899348,0.07066446,False,unknown,folder_yolo,folder_yolo:Overflowing/Overflowing/images_14_11zon.jpeg
weak_unnamed (19)_12_11zon.jpeg,有液体,有液体,0.93527687,True,较多,较多,0.04190906,0.055311564,0.15082967,0.7519497,True,较多,0.053298403,0.21280658,0.14576127,0.5881338,True,unknown,folder_yolo,folder_yolo:Overflowing/Overflowing/unnamed (19)_12_11zon.jpeg
newtrashy_none_0002_IMG20231017093111_jpg.rf.5abed91d9ddc3fbf9c1f88b8068109c6.jpg,无液体,无液体,0.018630981,True,无,无,0.9713511,0.011485827,0.0076431944,0.009519824,True,无,0.97288674,0.0,0.0,0.02711326,True,unknown,newtrashy_none,newtrashy_none:train/IMG20231017093111_jpg.rf.5abed91d9ddc3fbf9c1f88b8068109c6.jpg#ann0
newtrashy_none_0003_20231129_062911_jpg.rf.2164a6b9684f69656ba6cc57bac6772e.jpg,无液体,无液体,0.28986496,True,无,无,0.7347804,0.109004095,0.026022442,0.13019304,True,无,0.63889724,0.26645884,0.0,0.0946439,True,unknown,newtrashy_none,newtrashy_none:train/20231129_062911_jpg.rf.2164a6b9684f69656ba6cc57bac6772e.jpg#ann0
newtrashy_none_0019_20231129_061942_jpg.rf.673cb02b7bc6de0f2c21b93d54ceb191.jpg,无液体,无液体,0.092230946,True,无,无,0.8861616,0.057600986,0.016493445,0.039743926,True,无,0.87571055,0.09123567,0.0,0.033053838,True,unknown,newtrashy_none,newtrashy_none:train/20231129_061942_jpg.rf.673cb02b7bc6de0f2c21b93d54ceb191.jpg#ann0
newtrashy_none_0023_test63_jpg.rf.5f396729f3ee4eea17f9e6327fb1fe4b.jpg,无液体,无液体,0.21837097,True,无,无,0.7846844,0.060549986,0.04864163,0.10612392,True,无,0.7599366,0.10167883,0.011508739,0.12687586,True,unknown,newtrashy_none,newtrashy_none:train/test63_jpg.rf.5f396729f3ee4eea17f9e6327fb1fe4b.jpg#ann0
newtrashy_none_0037_test3_jpg.rf.6283a761b952199408cdb58add4d5a15.jpg,无液体,无液体,0.25752124,True,无,无,0.77468127,0.047474448,0.067649774,0.11019444,True,无,0.75442183,0.0,0.035989366,0.20958886,True,unknown,newtrashy_none,newtrashy_none:train/test3_jpg.rf.6283a761b952199408cdb58add4d5a15.jpg#ann0
newtrashy_none_0053_IMG20231022103457_jpg.rf.738bd9ecfcffe95f8b8ab7934e4fffdf.jpg,无液体,无液体,0.32194674,True,无,无,0.66471916,0.08984591,0.09892644,0.14650849,True,无,0.628259,0.0060669486,0.0,0.36567408,True,unknown,newtrashy_none,newtrashy_none:train/IMG20231022103457_jpg.rf.738bd9ecfcffe95f8b8ab7934e4fffdf.jpg#ann0
newtrashy_none_0055_IMG20231024130545_jpg.rf.1c89d6cbe30515359d8d6a1e2a7b95c3.jpg,无液体,无液体,0.16144437,True,无,无,0.8312743,0.041161295,0.07715249,0.050411843,True,无,0.8017022,0.0,0.119975865,0.078321986,True,unknown,newtrashy_none,newtrashy_none:train/IMG20231024130545_jpg.rf.1c89d6cbe30515359d8d6a1e2a7b95c3.jpg#ann0
newtrashy_none_0062_IMG20231016224729_jpg.rf.d8aeb4e1e5bdd87e0350aff4ba45595e.jpg,无液体,无液体,0.08619206,True,无,无,0.93271214,0.01904677,0.013017751,0.035223387,True,无,0.94811875,0.0,0.0,0.051881287,True,unknown,newtrashy_none,newtrashy_none:train/IMG20231016224729_jpg.rf.d8aeb4e1e5bdd87e0350aff4ba45595e.jpg#ann0
newtrashy_none_0067_IMG20231024131950_jpg.rf.bb0bd6073392f87eac914fbd4f20e583.jpg,无液体,无液体,0.051481374,True,无,无,0.9631475,0.011113631,0.00980123,0.015937574,True,无,0.9156154,0.01511646,0.0,0.06926823,True,unknown,newtrashy_none,newtrashy_none:train/IMG20231024131950_jpg.rf.bb0bd6073392f87eac914fbd4f20e583.jpg#ann0
newtrashy_none_0070_IMG20231017220403_jpg.rf.b33c28c796259135d5a956e775f5a6c6.jpg,无液体,无液体,0.43807423,True,无,无,0.45153186,0.05330036,0.4316013,0.06356651,True,无,0.6644736,0.0,0.23911075,0.096415654,True,unknown,newtrashy_none,newtrashy_none:train/IMG20231017220403_jpg.rf.b33c28c796259135d5a956e775f5a6c6.jpg#ann0
newtrashy_none_0083_test24_jpg.rf.3856799928e571b30599e96fed4eb2b6.jpg,无液体,无液体,0.4641701,True,无,无,0.53140634,0.05124955,0.11959242,0.29775167,True,无,0.48589164,0.0,0.0526259,0.46148244,True,unknown,newtrashy_none,newtrashy_none:train/test24_jpg.rf.3856799928e571b30599e96fed4eb2b6.jpg#ann0
newtrashy_none_0088_IMG20231022104108_jpg.rf.b442e93dab9a8ac76b27f1cdcc0eb60a.jpg,无液体,无液体,0.045864914,True,无,无,0.91814685,0.022488454,0.03643325,0.022931427,True,无,0.93801266,0.005842299,0.021404551,0.03474054,True,unknown,newtrashy_none,newtrashy_none:train/IMG20231022104108_jpg.rf.b442e93dab9a8ac76b27f1cdcc0eb60a.jpg#ann0
newtrashy_none_0092_IMG20231022103220_jpg.rf.d468ab66dc4f930e84db8848cb9628c9.jpg,无液体,有液体,0.51004755,False,无,无,0.35482273,0.21194534,0.33183095,0.101400934,True,中等,0.32431358,0.26085767,0.3373592,0.07746961,False,unknown,newtrashy_none,newtrashy_none:train/IMG20231022103220_jpg.rf.d468ab66dc4f930e84db8848cb9628c9.jpg#ann0
newtrashy_none_0094_test110_jpg.rf.913b913cf3a678342eb82f5df7843206.jpg,无液体,无液体,0.04655695,True,无,无,0.9587133,0.01241582,0.0048000272,0.024070852,True,无,0.97125673,0.0,0.0,0.028743304,True,unknown,newtrashy_none,newtrashy_none:train/test110_jpg.rf.913b913cf3a678342eb82f5df7843206.jpg#ann0
newtrashy_none_0101_bottledWater1_jpg.rf.67737cf11fff3f898bcfc526573977a4.jpg,无液体,无液体,0.3314924,True,无,无,0.7079179,0.04303245,0.08778155,0.16126814,True,无,0.5707197,0.0,0.1837766,0.24550374,True,unknown,newtrashy_none,newtrashy_none:train/bottledWater1_jpg.rf.67737cf11fff3f898bcfc526573977a4.jpg#ann0
newtrashy_none_0119_20231129_061942_jpg.rf.5f5c1ec32a2ebacdbd44a8f830644222.jpg,无液体,无液体,0.36790657,True,无,无,0.6369591,0.13378318,0.0942628,0.13499491,True,少量,0.39952242,0.44821623,0.058646865,0.09361452,False,unknown,newtrashy_none,newtrashy_none:train/20231129_061942_jpg.rf.5f5c1ec32a2ebacdbd44a8f830644222.jpg#ann0
newtrashy_none_0120_IMG20231022114112_jpg.rf.0a77652f9eb5caee0f65d4c53d8bb763.jpg,无液体,无液体,0.4352425,True,无,无,0.5132417,0.2689183,0.14189596,0.07594404,True,少量,0.36214,0.44361675,0.15663034,0.03761293,False,unknown,newtrashy_none,newtrashy_none:train/IMG20231022114112_jpg.rf.0a77652f9eb5caee0f65d4c53d8bb763.jpg#ann0
newtrashy_none_0121_IMG20231024131001_jpg.rf.bb3a4284cbd47f43e98d7ef098279c0c.jpg,无液体,无液体,0.18411772,True,无,无,0.778095,0.04237853,0.11683149,0.06269496,True,无,0.7126093,0.06624764,0.15624432,0.06489874,True,unknown,newtrashy_none,newtrashy_none:train/IMG20231024131001_jpg.rf.bb3a4284cbd47f43e98d7ef098279c0c.jpg#ann0
newtrashy_none_0122_test79_jpg.rf.353b7eedba98b13c0974602040eec8b4.jpg,无液体,有液体,0.8384392,False,无,无,0.27454144,0.21623112,0.2652734,0.24395406,True,较多,0.17393757,0.28770885,0.047164578,0.49118906,False,unknown,newtrashy_none,newtrashy_none:train/test79_jpg.rf.353b7eedba98b13c0974602040eec8b4.jpg#ann0
newtrashy_none_0133_IMG20231024125346_jpg.rf.999e8b123a87bb75ad92cd324ef53153.jpg,无液体,无液体,0.07194354,True,无,无,0.86310214,0.062564604,0.01361422,0.060719036,True,无,0.8728656,0.07339372,0.003943551,0.04979715,True,unknown,newtrashy_none,newtrashy_none:train/IMG20231024125346_jpg.rf.999e8b123a87bb75ad92cd324ef53153.jpg#ann0
newtrashy_none_0144_IMG_20231027_234653_jpg.rf.965f277c9127871ffad1743111a228ff.jpg,无液体,无液体,0.33626786,True,无,无,0.7197278,0.06237702,0.08681166,0.13108347,True,无,0.45425972,0.35080272,0.117783636,0.07715392,True,unknown,newtrashy_none,newtrashy_none:train/IMG_20231027_234653_jpg.rf.965f277c9127871ffad1743111a228ff.jpg#ann0
newtrashy_none_0148_IMG20231017092111_jpg.rf.1224a7de63dfba0a77f69fa134aad496.jpg,无液体,无液体,0.104741015,True,无,无,0.8777006,0.034247417,0.023954889,0.06409713,True,无,0.8472063,0.0,0.0,0.15279374,True,unknown,newtrashy_none,newtrashy_none:train/IMG20231017092111_jpg.rf.1224a7de63dfba0a77f69fa134aad496.jpg#ann0
data_data_0032_微信图片_20260512161457_201_26.jpg,有液体,有液体,0.9812075,True,中等,中等,0.045379665,0.21438617,0.5963507,0.14388345,True,中等,0.008080619,0.26545876,0.62596405,0.10049658,True,unknown,data_data,data_data:微信图片_20260512161457_201_26.jpg
data_data_0043_微信图片_20260512161506_212_26.jpg,有液体,有液体,0.7363037,True,少量,少量,0.24246906,0.4494153,0.26745373,0.040661972,True,少量,0.15553956,0.6687045,0.15972145,0.016034447,True,unknown,data_data,data_data:微信图片_20260512161506_212_26.jpg
data_data_0056_微信图片_20260512161517_225_26.jpg,有液体,有液体,0.9125893,True,较多,较多,0.105533674,0.06393076,0.10661517,0.7239204,True,较多,0.0063960836,0.13936017,0.2062191,0.6480246,True,unknown,data_data,data_data:微信图片_20260512161517_225_26.jpg
data_data_0061_微信图片_20260512161522_230_26.jpg,有液体,有液体,0.92656064,True,较多,较多,0.04767423,0.15533042,0.17870638,0.61828905,True,较多,0.026416283,0.31092378,0.0,0.66265994,True,unknown,data_data,data_data:微信图片_20260512161522_230_26.jpg
data_data_0068_微信图片_20260512161530_237_26.jpg,无液体,无液体,0.17383134,True,无,无,0.7870281,0.11148599,0.03018151,0.07130437,True,无,0.6516912,0.2984112,0.0,0.04989765,True,unknown,data_data,data_data:微信图片_20260512161530_237_26.jpg
data_data_0073_微信图片_20260512161536_242_26.jpg,无液体,有液体,0.63167256,False,无,无,0.40605852,0.3571075,0.12286963,0.113964416,True,少量,0.2812232,0.6566633,0.030266276,0.031847246,False,unknown,data_data,data_data:微信图片_20260512161536_242_26.jpg
data_data_0074_微信图片_20260512161537_243_26.jpg,无液体,无液体,0.4080913,True,无,无,0.6145808,0.23318614,0.06329334,0.0889397,True,无,0.5462949,0.40464276,0.010512806,0.03854958,True,unknown,data_data,data_data:微信图片_20260512161537_243_26.jpg
data_data_0079_微信图片_20260512161541_248_26.jpg,有液体,有液体,0.9199941,True,少量,少量,0.096221395,0.5431498,0.25345337,0.107175514,True,少量,0.12003574,0.7395826,0.07089039,0.06949135,True,unknown,data_data,data_data:微信图片_20260512161541_248_26.jpg
data_data_0091_微信图片_20260512161555_260_26.jpg,有液体,有液体,0.9142562,True,较多,较多,0.09152257,0.043696564,0.3075859,0.55719495,True,较多,0.037409127,0.03991902,0.26552078,0.65715104,True,unknown,data_data,data_data:微信图片_20260512161555_260_26.jpg
data_data_0092_微信图片_20260512161556_261_26.jpg,有液体,有液体,0.976241,True,较多,较多,0.03623064,0.025198027,0.26031333,0.678258,True,较多,0.0143027725,0.0,0.1918466,0.79385066,True,unknown,data_data,data_data:微信图片_20260512161556_261_26.jpg
data_data_0105_微信图片_20260512161612_278_26.jpg,有液体,无液体,0.39662185,False,较多,无,0.6282419,0.19214742,0.043851323,0.13575937,False,无,0.7745693,0.0,0.0,0.2254307,False,unknown,data_data,data_data:微信图片_20260512161612_278_26.jpg
data_data_0106_微信图片_20260512161613_279_26.jpg,有液体,有液体,0.6543898,True,较多,较多,0.3198801,0.12460585,0.074384816,0.48112926,True,无,0.6049781,0.0,0.0,0.3950219,False,unknown,data_data,data_data:微信图片_20260512161613_279_26.jpg
database_0020_image_0521.jpg,有液体,有液体,0.9135704,True,较多,较多,0.074956246,0.3010297,0.17899196,0.44502208,True,较多,0.06289206,0.36541066,0.17832313,0.3933742,True,unknown,database,database:internet:image_0521.jpg
database_0021_image_0522.jpg,有液体,有液体,0.9159273,True,较多,较多,0.05855709,0.20096709,0.09122512,0.6492507,True,较多,0.0618122,0.3377617,0.15116796,0.44925812,True,unknown,database,database:internet:image_0522.jpg
database_0022_image_0523.jpg,有液体,有液体,0.9306525,True,中等,少量,0.07838962,0.53692955,0.20645024,0.17823069,False,少量,0.017850505,0.777076,0.015073951,0.1899995,False,unknown,database,database:internet:image_0523.jpg
database_0027_image_0528.jpg,有液体,有液体,0.94341767,True,较多,较多,0.038015608,0.01041626,0.023153381,0.92841476,True,较多,0.040424682,0.032433536,0.037694555,0.8894472,True,unknown,database,database:internet:image_0528.jpg
database_0038_image_0542.jpg,有液体,有液体,0.90703666,True,中等,中等,0.08610627,0.09645303,0.6747216,0.14271913,True,中等,0.054068223,0.07264327,0.8021823,0.07110621,True,unknown,database,database:internet:image_0542.jpg
database_0040_image_0544.jpg,有液体,有液体,0.93370944,True,中等,中等,0.060777225,0.10968633,0.7415355,0.08800091,True,中等,0.040542856,0.07229056,0.80760306,0.079563566,True,unknown,database,database:internet:image_0544.jpg
database_0047_image_0552.jpg,有液体,有液体,0.95062923,True,较多,较多,0.056810733,0.14039747,0.17708969,0.6257022,True,较多,0.025151877,0.3264174,0.11162119,0.5368096,True,unknown,database,database:internet:image_0552.jpg
database_0049_image_0554.jpg,有液体,有液体,0.8661766,True,中等,中等,0.061874073,0.021914482,0.76193196,0.15427953,True,中等,0.0732254,0.0,0.7389348,0.18783984,True,unknown,database,database:internet:image_0554.jpg
database_0057_image_0562.jpg,有液体,有液体,0.97486794,True,少量,少量,0.030967398,0.5509446,0.25971806,0.15836993,True,少量,0.0039755385,0.6700468,0.14039321,0.18558449,True,unknown,database,database:internet:image_0562.jpg
database_0060_image_0565.jpg,无液体,无液体,0.48134035,True,无,无,0.43087718,0.03285081,0.13549143,0.4007806,True,无,0.56017196,0.0,0.10699878,0.3328293,True,unknown,database,database:internet:image_0565.jpg
database_0066_image_0571.jpg,有液体,有液体,0.9283927,True,较多,较多,0.05004912,0.011867547,0.091062926,0.8470204,True,较多,0.068553396,0.0,0.083716586,0.84773,True,unknown,database,database:internet:image_0571.jpg
database_0068_image_0573.jpg,有液体,有液体,0.9623438,True,较多,中等,0.019641297,0.02408008,0.53567165,0.4206069,False,较多,0.039666064,0.123825,0.3874865,0.44902244,True,unknown,database,database:internet:image_0573.jpg
database_0069_image_0574.jpg,有液体,有液体,0.8656181,True,较多,较多,0.07741031,0.0310938,0.38559154,0.5059043,True,较多,0.08421064,0.0,0.3127804,0.6030089,True,unknown,database,database:internet:image_0574.jpg
database_0078_image_0583.jpg,有液体,有液体,0.9722895,True,较多,较多,0.01784511,0.016064096,0.1422499,0.82384086,True,较多,0.04201193,0.0,0.09943993,0.8585482,True,unknown,database,database:internet:image_0583.jpg
database_0079_image_0584.jpg,有液体,有液体,0.9219886,True,少量,较多,0.08014155,0.14868815,0.3777219,0.39344835,False,少量,0.028240182,0.40325895,0.3517296,0.2167712,True,unknown,database,database:internet:image_0584.jpg
database_0086_image_0592.jpg,有液体,有液体,0.9885191,True,较多,较多,0.004791403,0.017103424,0.31843984,0.6596654,True,中等,0.014037346,0.0013575959,0.49927387,0.48533124,False,unknown,database,database:internet:image_0592.jpg
database_0103_image_0609.jpg,无液体,无液体,0.21352638,True,无,无,0.7722122,0.09169078,0.0709165,0.065180495,True,无,0.7930917,0.0942464,0.0,0.11266185,True,unknown,database,database:internet:image_0609.jpg
database_0111_image_0617.jpg,无液体,有液体,0.9346098,False,无,较多,0.07205843,0.104210466,0.263394,0.56033707,False,中等,0.062359896,0.36800134,0.4375487,0.13209009,False,unknown,database,database:internet:image_0617.jpg
database_0137_image_0643.jpg,有液体,有液体,0.8747635,True,较多,较多,0.1170067,0.06670188,0.13307187,0.68321955,True,较多,0.12312082,0.16260402,0.12842296,0.58585215,True,unknown,database,database:internet:image_0643.jpg
database_0138_image_0644.jpg,有液体,有液体,0.9833039,True,较多,中等,0.01433005,0.051450055,0.7141937,0.22002625,False,较多,0.012263815,0.033444747,0.44742325,0.5068682,True,unknown,database,database:internet:image_0644.jpg
database_0150_image_0659.jpg,无液体,无液体,0.4056232,True,无,无,0.5512904,0.12524858,0.2996499,0.023811128,True,无,0.6172318,0.06948381,0.25189948,0.061384946,True,unknown,database,database:internet:image_0659.jpg
database_0159_image_0668.jpg,无液体,无液体,0.25468612,True,无,无,0.8259836,0.03969863,0.071677804,0.062640004,True,无,0.7133468,0.10880074,0.122811966,0.055040464,True,unknown,database,database:internet:image_0668.jpg
database_0162_image_0671.jpg,无液体,无液体,0.17915858,True,无,无,0.83239794,0.032429364,0.04217661,0.09299608,True,无,0.8253631,0.0,0.0,0.17463695,True,unknown,database,database:internet:image_0671.jpg
database_0167_image_0677.jpg,无液体,无液体,0.110257015,True,无,无,0.8337652,0.11514182,0.016681574,0.03441141,True,无,0.8131096,0.13251485,0.0,0.054375604,True,unknown,database,database:internet:image_0677.jpg
database_0181_image_0692.jpg,无液体,无液体,0.11780101,True,无,无,0.91056347,0.04801545,0.025120439,0.016300676,True,无,0.8701365,0.070376836,0.019273456,0.040213205,True,unknown,database,database:internet:image_0692.jpg
database_0187_image_0698.jpg,无液体,无液体,0.07774193,True,无,无,0.9014061,0.085554466,0.0058234106,0.0072159762,True,无,0.889958,0.079703555,0.019784525,0.010553853,True,unknown,database,database:internet:image_0698.jpg
database_0198_image_0714.jpg,无液体,有液体,0.53247875,False,无,无,0.54970425,0.19348891,0.17930514,0.07750172,True,中等,0.30570474,0.15639861,0.43138784,0.10650884,False,unknown,database,database:internet:image_0714.jpg
database_0201_image_0717.jpg,无液体,无液体,0.45692652,True,无,无,0.6376492,0.18479814,0.11080038,0.06675231,True,少量,0.26791915,0.5836435,0.05805165,0.0903857,False,unknown,database,database:internet:image_0717.jpg
database_0202_image_0718.jpg,有液体,有液体,0.5790665,True,少量,无,0.45785314,0.34168473,0.06654963,0.13391247,False,少量,0.1819147,0.56898516,0.0,0.24910015,True,unknown,database,database:internet:image_0718.jpg
database_0208_image_0724.jpg,有液体,有液体,0.8635894,True,少量,少量,0.09446198,0.5320159,0.29183728,0.08168484,True,少量,0.061658166,0.535958,0.33030576,0.07207806,True,unknown,database,database:internet:image_0724.jpg
database_0228_image_0751.jpg,有液体,有液体,0.9780932,True,少量,中等,0.024653273,0.098370895,0.68851537,0.18846047,False,中等,0.007300994,0.1893999,0.663258,0.14004108,False,unknown,database,database:internet:image_0751.jpg
database_0229_image_0752.jpg,有液体,有液体,0.77049994,True,少量,少量,0.22017817,0.54298836,0.13130102,0.10553246,True,少量,0.23598875,0.7190022,0.0,0.04500916,True,unknown,database,database:internet:image_0752.jpg
database_0231_image_0754.jpg,有液体,有液体,0.63872814,True,少量,无,0.3225942,0.16407792,0.2687026,0.24462527,False,中等,0.28118,0.15189102,0.33629492,0.23063414,False,unknown,database,database:internet:image_0754.jpg
database_0232_image_0755.jpg,有液体,有液体,0.7273764,True,少量,中等,0.23845057,0.25626466,0.26919204,0.23609273,False,少量,0.23191588,0.4367475,0.21442103,0.11691556,True,unknown,database,database:internet:image_0755.jpg
database_0243_image_0766.jpg,有液体,有液体,0.9915872,True,较多,较多,0.0056803315,0.008274063,0.08535019,0.9006954,True,较多,0.0063232784,0.0,0.080924734,0.91275203,True,unknown,database,database:internet:image_0766.jpg
database_0255_image_0778.jpg,无液体,无液体,0.4957975,True,无,无,0.6174299,0.062318154,0.02994736,0.2903045,True,无,0.49682915,0.25731394,0.0,0.24585685,True,unknown,database,database:internet:image_0778.jpg
database_0260_image_0786.jpg,有液体,有液体,0.93347967,True,少量,较多,0.08508034,0.2392547,0.22258408,0.45308092,False,中等,0.08611151,0.39515105,0.43380508,0.084932365,False,unknown,database,database:internet:image_0786.jpg
database_0275_image_0801.jpg,有液体,有液体,0.9735205,True,中等,中等,0.01404584,0.014494156,0.7997553,0.1717047,True,中等,0.014115253,0.0,0.6584691,0.32741565,True,unknown,database,database:self-shot:image_0801.jpg
database_0278_image_0804.jpg,有液体,有液体,0.99306965,True,中等,较多,0.0049379,0.012443986,0.31760043,0.6650177,False,较多,0.009085088,0.0,0.4276383,0.56327665,False,unknown,database,database:self-shot:image_0804.jpg
database_0285_image_0811.jpg,有液体,有液体,0.994764,True,中等,中等,0.0066798506,0.020305704,0.55320215,0.41981232,True,中等,0.006900571,0.0,0.5032035,0.4898959,True,unknown,database,database:self-shot:image_0811.jpg
database_0290_image_0816.jpg,有液体,有液体,0.9942268,True,较多,中等,0.012118088,0.03223777,0.6989296,0.25671458,False,中等,0.008771247,0.0,0.5757635,0.41546524,False,unknown,database,database:self-shot:image_0816.jpg
database_0294_image_0820.jpg,有液体,有液体,0.990222,True,较多,较多,0.0035299116,0.008587157,0.0845067,0.9033762,True,较多,0.009083811,0.0,0.06465188,0.9262643,True,unknown,database,database:self-shot:image_0820.jpg
database_0299_image_0825.jpg,有液体,有液体,0.9905666,True,较多,较多,0.004057651,0.0056957137,0.18673305,0.8035136,True,较多,0.012712056,0.0,0.10181825,0.8854697,True,unknown,database,database:self-shot:image_0825.jpg
database_0304_image_0830.jpg,有液体,有液体,0.9914883,True,较多,较多,0.0056294273,0.01665583,0.241151,0.73656374,True,较多,0.008490756,0.0,0.1179584,0.87355083,True,unknown,database,database:self-shot:image_0830.jpg
database_0308_image_0834.jpg,有液体,有液体,0.9388691,True,中等,中等,0.045037832,0.071305245,0.7818528,0.101804145,True,中等,0.012919758,0.30335504,0.60503334,0.07869185,True,unknown,database,database:self-shot:image_0834.jpg
database_0318_image_0844.jpg,有液体,有液体,0.9623991,True,中等,中等,0.041216917,0.11230602,0.7440274,0.102449685,True,中等,0.023008037,0.22413239,0.621104,0.13175562,True,unknown,database,database:self-shot:image_0844.jpg
database_0324_image_0850.jpg,有液体,有液体,0.9784862,True,中等,中等,0.028133975,0.11248448,0.796834,0.06254752,True,中等,0.019129643,0.0802068,0.8050396,0.09562391,True,unknown,database,database:self-shot:image_0850.jpg
database_0336_image_0862.jpg,有液体,有液体,0.9941108,True,中等,中等,0.012835443,0.060503118,0.60660243,0.320059,True,较多,0.001647147,0.011532006,0.48483774,0.5019831,False,unknown,database,database:self-shot:image_0862.jpg
database_0339_image_0865.jpg,有液体,有液体,0.9903759,True,较多,中等,0.012094159,0.032705545,0.56230485,0.39289543,False,较多,0.004073695,0.033562228,0.14806862,0.8142955,True,unknown,database,database:self-shot:image_0865.jpg
database_0341_image_0867.jpg,有液体,有液体,0.97922623,True,少量,中等,0.028830213,0.16107428,0.6858825,0.12421304,False,少量,0.011421623,0.48639643,0.38879213,0.11338983,True,unknown,database,database:self-shot:image_0867.jpg
database_0347_image_0873.jpg,有液体,有液体,0.9345273,True,少量,较多,0.057707667,0.115164846,0.36814648,0.45898098,False,较多,0.023648035,0.3207744,0.31684986,0.33872777,False,unknown,database,database:self-shot:image_0873.jpg
database_0349_image_0875.jpg,有液体,无液体,0.23432733,False,较多,无,0.60424984,0.066117704,0.043193113,0.28643933,False,无,0.89776045,0.03940947,0.0,0.062830105,False,unknown,database,database:self-shot:image_0875.jpg
database_0354_image_0880.jpg,有液体,有液体,0.9353211,True,中等,中等,0.08368812,0.15433958,0.4224153,0.33955702,True,中等,0.015531478,0.1399564,0.46811742,0.37639478,True,unknown,database,database:self-shot:image_0880.jpg
database_0357_image_0883.jpg,有液体,有液体,0.98091793,True,中等,中等,0.032939892,0.13820496,0.55020887,0.2786462,True,中等,0.03210124,0.098811164,0.69269395,0.17639367,True,unknown,database,database:self-shot:image_0883.jpg
database_0368_image_0894.jpg,有液体,有液体,0.73130095,True,少量,较多,0.21588914,0.22864546,0.07829022,0.4771752,False,较多,0.28077668,0.30955604,0.0,0.40966725,False,unknown,database,database:self-shot:image_0894.jpg
database_0394_image_0920.jpg,有液体,有液体,0.95320964,True,少量,少量,0.045243282,0.49165824,0.24655929,0.21653925,True,少量,0.009930471,0.74583054,0.17119595,0.07304301,True,unknown,database,database:self-shot:image_0920.jpg
database_0395_image_0921.jpg,有液体,有液体,0.76927584,True,少量,少量,0.14748278,0.6384929,0.06967614,0.1443482,True,少量,0.078348525,0.7248635,0.0,0.19678788,True,unknown,database,database:self-shot:image_0921.jpg
database_0401_image_0927.jpg,有液体,有液体,0.9465183,True,少量,少量,0.042881127,0.5785024,0.23661129,0.14200519,True,少量,0.024570784,0.9096496,0.018397871,0.04738177,True,unknown,database,database:self-shot:image_0927.jpg
